,Network,Method,NumOfData,CorRate,WroRate,Repeat,SHD,Adj_Tp,Adj_Fp,Adj_Tn,Adj_Fn,Prec,Rec,F1,Con_Tp,Con_Fp,Con_Tn,Con_Fn,Con_Prec,Con_Rec,Con_F1
0,DIARRHOEA,pcMy,100,0.2,1,-2294.6011429901523,61,11,9,679,57,0.55,0.16176470588235295,0.25000000000000006,9,4,10,5,0.6923076923076923,0.6428571428571429,0.6666666666666666
1,DIARRHOEA,pc_con,100,0.2,1,-2304.388273306326,65,3,6,682,65,0.3333333333333333,0.04411764705882353,0.07792207792207792,0,0,14,14,0.0,0.0,0.0
2,DIARRHOEA,ges_con,100,0.2,1,-2343.417626082639,63,5,0,688,63,1.0,0.07352941176470588,0.13698630136986303,4,0,14,10,1.0,0.2857142857142857,0.4444444444444445
3,DIARRHOEA,mahc_con,100,0.2,1,-2281.7972066673997,65,8,12,676,60,0.4,0.11764705882352941,0.1818181818181818,2,0,14,12,1.0,0.14285714285714285,0.25
4,DIARRHOEA,SaiyanH_con,100,0.2,1,-inf,70,21,29,659,47,0.42,0.3088235294117647,0.3559322033898305,13,12,2,1,0.52,0.9285714285714286,0.6666666666666666
