,Network,Method,NumOfData,CorRate,WroRate,Repeat,SHD,Adj_Tp,Adj_Fp,Adj_Tn,Adj_Fn,Prec,Rec,F1,Con_Tp,Con_Fp,Con_Tn,Con_Fn,Con_Prec,Con_Rec,Con_F1
0,DIARRHOEA,pcMy,100,0.2,1,-2304.0862737015323,61,13,11,677,55,0.5416666666666666,0.19117647058823528,0.2826086956521739,10,3,11,4,0.7692307692307693,0.7142857142857143,0.7407407407407408
1,DIARRHOEA,pc_con,100,0.2,1,-2311.942411893864,69,2,10,678,66,0.16666666666666666,0.029411764705882353,0.05,0,1,13,14,0.0,0.0,0.0
2,DIARRHOEA,ges_con,100,0.2,1,-2355.7005547735776,62,6,2,686,62,0.75,0.08823529411764706,0.15789473684210525,5,2,12,9,0.7142857142857143,0.35714285714285715,0.4761904761904762
3,DIARRHOEA,mahc_con,100,0.2,1,-2305.4652537875195,67,9,12,676,59,0.42857142857142855,0.1323529411764706,0.20224719101123595,4,2,12,10,0.6666666666666666,0.2857142857142857,0.4
4,DIARRHOEA,SaiyanH_con,100,0.2,1,-2305.4569920438885,74,16,28,660,52,0.36363636363636365,0.23529411764705882,0.2857142857142857,8,9,5,6,0.47058823529411764,0.5714285714285714,0.5161290322580646
