,Network,Method,NumOfData,CorRate,WroRate,Repeat,SHD,Adj_Tp,Adj_Fp,Adj_Tn,Adj_Fn,Prec,Rec,F1,Con_Tp,Con_Fp,Con_Tn,Con_Fn,Con_Prec,Con_Rec,Con_F1
0,DIARRHOEA,pcMy,100,0.2,1,-2224.4871155612614,63,11,14,674,57,0.44,0.16176470588235295,0.23655913978494625,8,7,7,6,0.5333333333333333,0.5714285714285714,0.5517241379310344
1,DIARRHOEA,pc_con,100,0.2,1,-2240.9030179692422,65,4,8,680,64,0.3333333333333333,0.058823529411764705,0.1,1,1,13,13,0.5,0.07142857142857142,0.125
2,DIARRHOEA,ges_con,100,0.2,1,-2307.513956457174,64,4,1,687,64,0.8,0.058823529411764705,0.1095890410958904,3,1,13,11,0.75,0.21428571428571427,0.3333333333333333
3,DIARRHOEA,mahc_con,100,0.2,1,-2241.5183600408554,67,6,11,677,62,0.35294117647058826,0.08823529411764706,0.1411764705882353,2,1,13,12,0.6666666666666666,0.14285714285714285,0.23529411764705882
4,DIARRHOEA,SaiyanH_con,100,0.2,1,-inf,65,22,26,662,46,0.4583333333333333,0.3235294117647059,0.3793103448275862,11,10,4,3,0.5238095238095238,0.7857142857142857,0.6285714285714286
