,Network,Method,NumOfData,CorRate,WroRate,Repeat,SHD,Adj_Tp,Adj_Fp,Adj_Tn,Adj_Fn,Prec,Rec,F1,Con_Tp,Con_Fp,Con_Tn,Con_Fn,Con_Prec,Con_Rec,Con_F1,type,Main_time,PDAG2DAG_Time,N_evaluations
0,PROPERTY,UpCM,100,0.2,1,-3597.9435695246884,24,10,9,662,21,0.5263157894736842,0.3225806451612903,0.39999999999999997,5,1,5,1,0.8333333333333334,0.8333333333333334,0.8333333333333334,Normal,43.38394331932068,5.769504070281982,1000
1,PROPERTY,pc_con,100,0.2,1,-3622.780630390492,22,9,5,666,22,0.6428571428571429,0.2903225806451613,0.4,5,0,6,1,1.0,0.8333333333333334,0.9090909090909091,,0.2118995189666748,,
