,Network,Method,NumOfData,CorRate,WroRate,Repeat,SHD,Adj_Tp,Adj_Fp,Adj_Tn,Adj_Fn,Prec,Rec,F1,Con_Tp,Con_Fp,Con_Tn,Con_Fn,Con_Prec,Con_Rec,Con_F1
0,ASIA,MOEAD_CD,100,0.2,1,6,5,3,1,47,5,0.75,0.375,0.5,2,0,2,0,1.0,1.0,1.0
1,ASIA,pc,100,0.2,1,6,6,2,1,47,6,0.6666666666666666,0.25,0.36363636363636365,1,0,2,1,1.0,0.5,0.6666666666666666
2,ASIA,pc_con,100,0.2,1,6,6,2,1,47,6,0.6666666666666666,0.25,0.36363636363636365,1,0,2,1,1.0,0.5,0.6666666666666666
