,Network,Method,NumOfData,CorRate,WroRate,Repeat,SHD,Adj_Tp,Adj_Fp,Adj_Tn,Adj_Fn,Prec,Rec,F1,Con_Tp,Con_Fp,Con_Tn,Con_Fn,Con_Prec,Con_Rec,Con_F1
0,DIARRHOEA,pcMy,100,0.2,1,-2297.361432447353,61,14,8,680,54,0.6363636363636364,0.20588235294117646,0.3111111111111111,11,5,9,3,0.6875,0.7857142857142857,0.7333333333333334
1,DIARRHOEA,pc_con,100,0.2,1,-2311.692452012412,65,5,7,681,63,0.4166666666666667,0.07352941176470588,0.125,3,0,14,11,1.0,0.21428571428571427,0.35294117647058826
2,DIARRHOEA,ges_con,100,0.2,1,-2334.605778691529,61,7,0,688,61,1.0,0.10294117647058823,0.18666666666666665,6,0,14,8,1.0,0.42857142857142855,0.6
3,DIARRHOEA,mahc_con,100,0.2,1,-2313.6168520301303,54,15,4,684,53,0.7894736842105263,0.22058823529411764,0.3448275862068966,6,0,14,8,1.0,0.42857142857142855,0.6
4,DIARRHOEA,SaiyanH_con,100,0.2,1,-2306.921085025399,76,15,30,658,53,0.3333333333333333,0.22058823529411764,0.2654867256637168,13,8,6,1,0.6190476190476191,0.9285714285714286,0.742857142857143
