,Network,Method,NumOfData,CorRate,WroRate,Repeat,SHD,Adj_Tp,Adj_Fp,Adj_Tn,Adj_Fn,Prec,Rec,F1,Con_Tp,Con_Fp,Con_Tn,Con_Fn,Con_Prec,Con_Rec,Con_F1
0,DIARRHOEA,pcMy,100,0.2,1,-2277.952190939398,61,15,13,675,53,0.5357142857142857,0.22058823529411764,0.3125,10,5,9,4,0.6666666666666666,0.7142857142857143,0.689655172413793
1,DIARRHOEA,pc_con,100,0.2,1,-2302.193324857273,64,7,7,681,61,0.5,0.10294117647058823,0.17073170731707318,1,0,14,13,1.0,0.07142857142857142,0.13333333333333333
2,DIARRHOEA,ges_con,100,0.2,1,-2357.6049862128107,65,4,2,686,64,0.6666666666666666,0.058823529411764705,0.10810810810810811,4,1,13,10,0.8,0.2857142857142857,0.4210526315789473
3,DIARRHOEA,mahc_con,100,0.2,1,-2286.345564234854,70,8,16,672,60,0.3333333333333333,0.11764705882352941,0.1739130434782609,3,1,13,11,0.75,0.21428571428571427,0.3333333333333333
4,DIARRHOEA,SaiyanH_con,100,0.2,1,-inf,72,22,31,657,46,0.41509433962264153,0.3235294117647059,0.36363636363636365,13,13,1,1,0.5,0.9285714285714286,0.65
