,Network,Method,NumOfData,CorRate,WroRate,Repeat,SHD,Adj_Tp,Adj_Fp,Adj_Tn,Adj_Fn,Prec,Rec,F1,Con_Tp,Con_Fp,Con_Tn,Con_Fn,Con_Prec,Con_Rec,Con_F1
0,ASIA,pcMy,100,0.1,1,-403.6035832335907,7,1,3,45,7,0.25,0.125,0.16666666666666666,1,0,1,0,1.0,1.0,1.0
1,ASIA,pc_con,100,0.1,1,-403.6035832335907,7,1,3,45,7,0.25,0.125,0.16666666666666666,1,0,1,0,1.0,1.0,1.0
2,ASIA,ges_con,100,0.1,1,-393.1676714547903,7,4,3,45,4,0.5714285714285714,0.5,0.5333333333333333,1,1,0,0,0.5,1.0,0.6666666666666666
3,ASIA,mahc_con,100,0.1,1,-396.7419586425277,6,3,2,46,5,0.6,0.375,0.4615384615384615,1,1,0,0,0.5,1.0,0.6666666666666666
4,ASIA,SaiyanH_con,100,0.1,1,-393.5381028327623,8,3,4,44,5,0.42857142857142855,0.375,0.39999999999999997,0,0,1,1,0.0,0.0,0.0
