,Network,Method,NumOfData,CorRate,WroRate,Repeat,SHD,Adj_Tp,Adj_Fp,Adj_Tn,Adj_Fn,Prec,Rec,F1,Con_Tp,Con_Fp,Con_Tn,Con_Fn,Con_Prec,Con_Rec,Con_F1,type
0,FORMED,UpCM,100,0.2,1,-5235.865020268025,109,31,20,7498,107,0.6078431372549019,0.2246376811594203,0.328042328042328,11,1,27,17,0.9166666666666666,0.39285714285714285,0.55,Addition
