,Network,Method,NumOfData,CorRate,WroRate,Repeat,SHD,Adj_Tp,Adj_Fp,Adj_Tn,Adj_Fn,Prec,Rec,F1,Con_Tp,Con_Fp,Con_Tn,Con_Fn,Con_Prec,Con_Rec,Con_F1,type
0,ALARM,UpCM,100,0.2,1,-1807.3170059004187,39,12,14,1272,34,0.46153846153846156,0.2608695652173913,0.33333333333333337,6,2,7,3,0.75,0.6666666666666666,0.7058823529411765,Addition
