,Network,Method,NumOfData,CorRate,WroRate,Repeat,SHD,Adj_Tp,Adj_Fp,Adj_Tn,Adj_Fn,Prec,Rec,F1,Con_Tp,Con_Fp,Con_Tn,Con_Fn,Con_Prec,Con_Rec,Con_F1,type
0,DIARRHOEA,UpCM,100,0.2,1,-2181.525851590713,65,6,11,677,62,0.35294117647058826,0.08823529411764706,0.1411764705882353,4,3,11,10,0.5714285714285714,0.2857142857142857,0.38095238095238093,Addition
