,Network,Method,NumOfData,CorRate,WroRate,Repeat,SHD,Adj_Tp,Adj_Fp,Adj_Tn,Adj_Fn,Prec,Rec,F1,Con_Tp,Con_Fp,Con_Tn,Con_Fn,Con_Prec,Con_Rec,Con_F1
0,ALARM,pcMy,100,0.2,1,-2355.6091006273746,36,18,13,1273,28,0.5806451612903226,0.391304347826087,0.4675324675324675,8,4,5,1,0.6666666666666666,0.8888888888888888,0.761904761904762
1,ALARM,pc_con,100,0.2,1,-2460.5347311956216,38,12,9,1277,34,0.5714285714285714,0.2608695652173913,0.3582089552238805,2,0,9,7,1.0,0.2222222222222222,0.3636363636363636
2,ALARM,ges_con,100,0.2,1,-2323.8055687740416,38,15,15,1271,31,0.5,0.32608695652173914,0.39473684210526316,4,1,8,5,0.8,0.4444444444444444,0.5714285714285714
3,ALARM,mahc_con,100,0.2,1,-2323.8055687740416,38,15,15,1271,31,0.5,0.32608695652173914,0.39473684210526316,4,1,8,5,0.8,0.4444444444444444,0.5714285714285714
4,ALARM,SaiyanH_con,100,0.2,1,-2141.181529507035,53,18,37,1249,28,0.32727272727272727,0.391304347826087,0.3564356435643564,8,8,1,1,0.5,0.8888888888888888,0.64
