,Network,Method,NumOfData,CorRate,WroRate,Repeat,SHD,Adj_Tp,Adj_Fp,Adj_Tn,Adj_Fn,Prec,Rec,F1,Con_Tp,Con_Fp,Con_Tn,Con_Fn,Con_Prec,Con_Rec,Con_F1
0,DIARRHOEA,pcMy,100,0.2,1,6,63,6,5,683,62,0.5454545454545454,0.08823529411764706,0.1518987341772152,1,0,14,13,1.0,0.07142857142857142,0.13333333333333333
1,DIARRHOEA,pc_con,100,0.2,1,6,64,5,7,681,63,0.4166666666666667,0.07352941176470588,0.125,1,2,12,13,0.3333333333333333,0.07142857142857142,0.11764705882352941
2,DIARRHOEA,ges_con,100,0.2,1,6,64,4,1,687,64,0.8,0.058823529411764705,0.1095890410958904,3,1,13,11,0.75,0.21428571428571427,0.3333333333333333
3,DIARRHOEA,mahc_con,100,0.2,1,6,65,8,11,677,60,0.42105263157894735,0.11764705882352941,0.1839080459770115,3,1,13,11,0.75,0.21428571428571427,0.3333333333333333
4,DIARRHOEA,SaiyanH_con,100,0.2,1,6,70,23,30,658,45,0.4339622641509434,0.3382352941176471,0.38016528925619836,13,12,2,1,0.52,0.9285714285714286,0.6666666666666666
