,Network,Method,NumOfData,CorRate,WroRate,Repeat,SHD,Adj_Tp,Adj_Fp,Adj_Tn,Adj_Fn,Prec,Rec,F1,Con_Tp,Con_Fp,Con_Tn,Con_Fn,Con_Prec,Con_Rec,Con_F1
0,SPORTS,MOEAD_CD,10,0.2,1,6,14,1,1,56,14,0.5,0.06666666666666667,0.11764705882352941,1,0,3,2,1.0,0.3333333333333333,0.5
1,SPORTS,pc,10,0.2,1,6,14,1,1,56,14,0.5,0.06666666666666667,0.11764705882352941,1,0,3,2,1.0,0.3333333333333333,0.5
2,SPORTS,pc_con,10,0.2,1,6,14,1,1,56,14,0.5,0.06666666666666667,0.11764705882352941,1,0,3,2,1.0,0.3333333333333333,0.5
