,Network,Method,NumOfData,CorRate,WroRate,Repeat,SHD,Adj_Tp,Adj_Fp,Adj_Tn,Adj_Fn,Prec,Rec,F1,Con_Tp,Con_Fp,Con_Tn,Con_Fn,Con_Prec,Con_Rec,Con_F1
0,PROPERTY,pcMy,50,0.2,1,-1846.7066525329096,25,7,5,666,24,0.5833333333333334,0.22580645161290322,0.3255813953488372,6,1,5,0,0.8571428571428571,1.0,0.923076923076923
1,PROPERTY,pc_con,50,0.2,1,-1859.7990741696765,27,4,4,667,27,0.5,0.12903225806451613,0.20512820512820512,3,1,5,3,0.75,0.5,0.6
2,PROPERTY,ges_con,50,0.2,1,-1924.7192318797368,28,3,1,670,28,0.75,0.0967741935483871,0.1714285714285714,3,1,5,3,0.75,0.5,0.6
3,PROPERTY,mahc_con,50,0.2,1,-1827.0106058562285,24,8,5,666,23,0.6153846153846154,0.25806451612903225,0.36363636363636365,3,0,6,3,1.0,0.5,0.6666666666666666
4,PROPERTY,SaiyanH_con,50,0.2,1,-1813.541014819658,33,14,23,648,17,0.3783783783783784,0.45161290322580644,0.411764705882353,6,4,2,0,0.6,1.0,0.7499999999999999
