,Network,Method,NumOfData,CorRate,WroRate,Repeat,SHD,Adj_Tp,Adj_Fp,Adj_Tn,Adj_Fn,Prec,Rec,F1,Con_Tp,Con_Fp,Con_Tn,Con_Fn,Con_Prec,Con_Rec,Con_F1
0,PROPERTY,pcMy,100,0.2,1,-3627.2454970924077,20,11,4,667,20,0.7333333333333333,0.3548387096774194,0.47826086956521735,4,0,6,2,1.0,0.6666666666666666,0.8
1,PROPERTY,pc_con,100,0.2,1,-3637.501181910476,21,10,3,668,21,0.7692307692307693,0.3225806451612903,0.45454545454545453,2,0,6,4,1.0,0.3333333333333333,0.5
2,PROPERTY,ges_con,100,0.2,1,-4018.0529787925516,28,3,0,671,28,1.0,0.0967741935483871,0.17647058823529413,2,0,6,4,1.0,0.3333333333333333,0.5
3,PROPERTY,mahc_con,100,0.2,1,-3653.1473492470523,27,7,8,663,24,0.4666666666666667,0.22580645161290322,0.3043478260869565,2,0,6,4,1.0,0.3333333333333333,0.5
4,PROPERTY,SaiyanH_con,100,0.2,1,-3633.350421502542,27,18,17,654,13,0.5142857142857142,0.5806451612903226,0.5454545454545455,4,5,1,2,0.4444444444444444,0.6666666666666666,0.5333333333333333
