,Network,Method,NumOfData,CorRate,WroRate,Repeat,SHD,Adj_Tp,Adj_Fp,Adj_Tn,Adj_Fn,Prec,Rec,F1,Con_Tp,Con_Fp,Con_Tn,Con_Fn,Con_Prec,Con_Rec,Con_F1
0,PROPERTY,pcMy,30,0.2,1,-1132.476265789953,27,6,5,666,25,0.5454545454545454,0.1935483870967742,0.2857142857142857,4,1,5,2,0.8,0.6666666666666666,0.7272727272727272
1,PROPERTY,pc_con,30,0.2,1,-1140.3927741322475,26,6,3,668,25,0.6666666666666666,0.1935483870967742,0.30000000000000004,3,0,6,3,1.0,0.5,0.6666666666666666
2,PROPERTY,ges_con,30,0.2,1,-1197.6503851692976,31,1,1,670,30,0.5,0.03225806451612903,0.06060606060606061,1,0,6,5,1.0,0.16666666666666666,0.2857142857142857
3,PROPERTY,mahc_con,30,0.2,1,-1161.700872676558,29,3,2,669,28,0.6,0.0967741935483871,0.16666666666666666,1,0,6,5,1.0,0.16666666666666666,0.2857142857142857
4,PROPERTY,SaiyanH_con,30,0.2,1,-1120.2412102263986,36,14,23,648,17,0.3783783783783784,0.45161290322580644,0.411764705882353,6,5,1,0,0.5454545454545454,1.0,0.7058823529411764
