,Network,Method,NumOfData,CorRate,WroRate,Repeat,SHD,Adj_Tp,Adj_Fp,Adj_Tn,Adj_Fn,Prec,Rec,F1,Con_Tp,Con_Fp,Con_Tn,Con_Fn,Con_Prec,Con_Rec,Con_F1
0,PROPERTY,pcMy,100,0.2,2,-3573.712899048619,23,10,9,662,21,0.5263157894736842,0.3225806451612903,0.39999999999999997,4,1,11,2,0.8,0.6666666666666666,0.7272727272727272
1,PROPERTY,pc_con,100,0.2,2,-3594.0852642744367,25,7,8,663,24,0.4666666666666667,0.22580645161290322,0.3043478260869565,1,0,12,5,1.0,0.16666666666666666,0.2857142857142857
2,PROPERTY,ges_con,100,0.2,2,-3960.311770495117,36,7,12,659,24,0.3684210526315789,0.22580645161290322,0.28,6,12,0,0,0.3333333333333333,1.0,0.5
3,PROPERTY,mahc_con,100,0.2,2,-3617.813278616116,25,8,7,664,23,0.5333333333333333,0.25806451612903225,0.34782608695652173,1,0,12,5,1.0,0.16666666666666666,0.2857142857142857
4,PROPERTY,SaiyanH_con,100,0.2,2,-3692.1527658766654,35,13,21,650,18,0.38235294117647056,0.41935483870967744,0.39999999999999997,5,9,3,1,0.35714285714285715,0.8333333333333334,0.5
