,Network,Method,NumOfData,CorRate,WroRate,Repeat,SHD,Adj_Tp,Adj_Fp,Adj_Tn,Adj_Fn,Prec,Rec,F1,Con_Tp,Con_Fp,Con_Tn,Con_Fn,Con_Prec,Con_Rec,Con_F1
0,PROPERTY,pcMy,100,0.1,1,-3627.5303570068754,24,8,6,665,23,0.5714285714285714,0.25806451612903225,0.35555555555555557,3,0,3,0,1.0,1.0,1.0
1,PROPERTY,pc_con,100,0.1,1,-3676.495760717276,26,6,6,665,25,0.5,0.1935483870967742,0.27906976744186046,1,0,3,2,1.0,0.3333333333333333,0.5
2,PROPERTY,ges_con,100,0.1,1,-3963.887996619467,30,1,1,670,30,0.5,0.03225806451612903,0.06060606060606061,1,0,3,2,1.0,0.3333333333333333,0.5
3,PROPERTY,mahc_con,100,0.1,1,-3638.429480499026,28,6,8,663,25,0.42857142857142855,0.1935483870967742,0.26666666666666666,1,0,3,2,1.0,0.3333333333333333,0.5
4,PROPERTY,SaiyanH_con,100,0.1,1,-3650.7387013806215,37,9,22,649,22,0.2903225806451613,0.2903225806451613,0.2903225806451613,2,2,1,1,0.5,0.6666666666666666,0.5714285714285715
