,Network,Method,NumOfData,CorRate,WroRate,Repeat,SHD,Adj_Tp,Adj_Fp,Adj_Tn,Adj_Fn,Prec,Rec,F1,Con_Tp,Con_Fp,Con_Tn,Con_Fn,Con_Prec,Con_Rec,Con_F1
0,PROPERTY,pcMy,30,0.2,1,-1139.3206141953715,27,6,3,668,25,0.6666666666666666,0.1935483870967742,0.30000000000000004,4,1,5,2,0.8,0.6666666666666666,0.7272727272727272
1,PROPERTY,pc_con,30,0.2,1,-1156.6477784685878,29,3,2,669,28,0.6,0.0967741935483871,0.16666666666666666,1,0,6,5,1.0,0.16666666666666666,0.2857142857142857
2,PROPERTY,ges_con,30,0.2,1,-1189.5783130281916,29,2,0,671,29,1.0,0.06451612903225806,0.12121212121212122,1,0,6,5,1.0,0.16666666666666666,0.2857142857142857
3,PROPERTY,mahc_con,30,0.2,1,-1146.6076775146669,31,3,4,667,28,0.42857142857142855,0.0967741935483871,0.15789473684210525,1,0,6,5,1.0,0.16666666666666666,0.2857142857142857
4,PROPERTY,SaiyanH_con,30,0.2,1,-1104.7212405531366,41,11,25,646,20,0.3055555555555556,0.3548387096774194,0.3283582089552239,6,5,1,0,0.5454545454545454,1.0,0.7058823529411764
