,Network,Method,NumOfData,CorRate,WroRate,Repeat,SHD,Adj_Tp,Adj_Fp,Adj_Tn,Adj_Fn,Prec,Rec,F1,Con_Tp,Con_Fp,Con_Tn,Con_Fn,Con_Prec,Con_Rec,Con_F1
0,PROPERTY,pcMy,100,0.1,1,-3613.217274760041,24,9,6,665,22,0.6,0.2903225806451613,0.3913043478260869,3,0,3,0,1.0,1.0,1.0
1,PROPERTY,pc_con,100,0.1,1,-3626.226848306095,25,8,6,665,23,0.5714285714285714,0.25806451612903225,0.35555555555555557,2,0,3,1,1.0,0.6666666666666666,0.8
2,PROPERTY,ges_con,100,0.1,1,-3603.7145508365697,27,8,8,663,23,0.5,0.25806451612903225,0.3404255319148936,2,0,3,1,1.0,0.6666666666666666,0.8
3,PROPERTY,mahc_con,100,0.1,1,-3621.185190757574,27,7,8,663,24,0.4666666666666667,0.22580645161290322,0.3043478260869565,2,0,3,1,1.0,0.6666666666666666,0.8
4,PROPERTY,SaiyanH_con,100,0.1,1,-3664.139557897183,36,10,21,650,21,0.3225806451612903,0.3225806451612903,0.3225806451612903,2,3,0,1,0.4,0.6666666666666666,0.5
