,Network,Method,NumOfData,CorRate,WroRate,Repeat,SHD,Adj_Tp,Adj_Fp,Adj_Tn,Adj_Fn,Prec,Rec,F1,Con_Tp,Con_Fp,Con_Tn,Con_Fn,Con_Prec,Con_Rec,Con_F1
0,PROPERTY,pcMy,100,0.2,2,-3655.5255009686703,21,11,3,668,20,0.7857142857142857,0.3548387096774194,0.48888888888888893,5,0,12,1,1.0,0.8333333333333334,0.9090909090909091
1,PROPERTY,pc_con,100,0.2,2,-3687.64835042541,23,9,3,668,22,0.75,0.2903225806451613,0.4186046511627908,3,0,12,3,1.0,0.5,0.6666666666666666
2,PROPERTY,ges_con,100,0.2,2,-3966.4458359303644,27,4,0,671,27,1.0,0.12903225806451613,0.2285714285714286,3,0,12,3,1.0,0.5,0.6666666666666666
3,PROPERTY,mahc_con,100,0.2,2,-3642.522526380959,21,11,2,669,20,0.8461538461538461,0.3548387096774194,0.5,3,0,12,3,1.0,0.5,0.6666666666666666
4,PROPERTY,SaiyanH_con,100,0.2,2,-3777.11926903971,38,13,23,648,18,0.3611111111111111,0.41935483870967744,0.3880597014925373,5,11,1,1,0.3125,0.8333333333333334,0.45454545454545453
