,Network,Method,NumOfData,CorRate,WroRate,Repeat,SHD,Adj_Tp,Adj_Fp,Adj_Tn,Adj_Fn,Prec,Rec,F1,Con_Tp,Con_Fp,Con_Tn,Con_Fn,Con_Prec,Con_Rec,Con_F1
0,PROPERTY,pcMy,100,0.2,2,-3709.361332950629,23,9,6,665,22,0.6,0.2903225806451613,0.3913043478260869,4,1,11,2,0.8,0.6666666666666666,0.7272727272727272
1,PROPERTY,pc_con,100,0.2,2,-3732.3526941202804,27,4,6,665,27,0.4,0.12903225806451613,0.1951219512195122,1,0,12,5,1.0,0.16666666666666666,0.2857142857142857
2,PROPERTY,ges_con,100,0.2,2,-3994.5358923100607,29,2,0,671,29,1.0,0.06451612903225806,0.12121212121212122,1,0,12,5,1.0,0.16666666666666666,0.2857142857142857
3,PROPERTY,mahc_con,100,0.2,2,-3619.108108439479,25,9,6,665,22,0.6,0.2903225806451613,0.3913043478260869,1,0,12,5,1.0,0.16666666666666666,0.2857142857142857
4,PROPERTY,SaiyanH_con,100,0.2,2,-3618.448564373728,25,18,14,657,13,0.5625,0.5806451612903226,0.5714285714285715,5,8,4,1,0.38461538461538464,0.8333333333333334,0.5263157894736842
