{"UpCM": 2.548788595199585, "PC_con": 0.028399658203125, "PDAG2DAG": 0.30773770809173584, "Repeat_times": 64.0}