{"UpCM": 2.082080864906311, "PC_con": 0.018326234817504884, "PDAG2DAG": 0.2621285915374756, "Repeat_times": 16.0}