{"UpCM": 43.70802617073059, "PC_con": 0.1879366159439087, "PDAG2DAG": 6.0624387741088865, "Repeat_times": 1000.0}