{"UpCM": 67.52492628097534, "PC_con": 0.4419307470321655, "PDAG2DAG": 9.085105681419373, "Repeat_times": 1000.0}