{"UpCM": 205.86832482814788, "PC_con": 3.5945628881454468, "PDAG2DAG": 30.958695268630983, "Repeat_times": 1000.0}