{"UpCM": 53.94622402191162, "PC_con": 0.17359354496002197, "PDAG2DAG": 6.770877242088318, "Repeat_times": 1000.0}