,Network,Method,NumOfData,CorRate,WroRate,Repeat,SHD,Adj_Tp,Adj_Fp,Adj_Tn,Adj_Fn,Prec,Rec,F1,Con_Tp,Con_Fp,Con_Tn,Con_Fn,Con_Prec,Con_Rec,Con_F1
0,DIARRHOEA,MOEAD_CD,10,0.2,1,2,70,2,4,684,66,0.3333333333333333,0.029411764705882353,0.05405405405405406,2,1,13,12,0.6666666666666666,0.14285714285714285,0.23529411764705882
1,DIARRHOEA,pc,10,0.2,1,2,71,0,3,685,68,0.0,0.0,0.0,0,0,14,14,0.0,0.0,0.0
2,DIARRHOEA,pc_con,10,0.2,1,2,71,0,3,685,68,0.0,0.0,0.0,0,0,14,14,0.0,0.0,0.0
