,Network,Method,NumOfData,CorRate,WroRate,Repeat,SHD,Adj_Tp,Adj_Fp,Adj_Tn,Adj_Fn,Prec,Rec,F1,Con_Tp,Con_Fp,Con_Tn,Con_Fn,Con_Prec,Con_Rec,Con_F1
0,DIARRHOEA,MOEAD_CD,10,0.2,1,9,71,3,7,681,65,0.3,0.04411764705882353,0.07692307692307693,3,4,10,11,0.42857142857142855,0.21428571428571427,0.2857142857142857
1,DIARRHOEA,pc,10,0.2,1,9,71,0,4,684,68,0.0,0.0,0.0,0,1,13,14,0.0,0.0,0.0
2,DIARRHOEA,pc_con,10,0.2,1,9,71,0,4,684,68,0.0,0.0,0.0,0,1,13,14,0.0,0.0,0.0
