,Network,Method,NumOfData,CorRate,WroRate,Repeat,SHD,Adj_Tp,Adj_Fp,Adj_Tn,Adj_Fn,Prec,Rec,F1,Con_Tp,Con_Fp,Con_Tn,Con_Fn,Con_Prec,Con_Rec,Con_F1
0,DIARRHOEA,MOEAD_CD,10,0.2,1,8,75,2,10,678,66,0.16666666666666666,0.029411764705882353,0.05,2,5,9,12,0.2857142857142857,0.14285714285714285,0.19047619047619047
1,DIARRHOEA,pc,10,0.2,1,8,71,1,4,684,67,0.2,0.014705882352941176,0.0273972602739726,0,0,14,14,0.0,0.0,0.0
2,DIARRHOEA,pc_con,10,0.2,1,8,71,1,4,684,67,0.2,0.014705882352941176,0.0273972602739726,0,0,14,14,0.0,0.0,0.0
