,Network,Method,NumOfData,CorRate,WroRate,Repeat,SHD,Adj_Tp,Adj_Fp,Adj_Tn,Adj_Fn,Prec,Rec,F1,Con_Tp,Con_Fp,Con_Tn,Con_Fn,Con_Prec,Con_Rec,Con_F1
0,DIARRHOEA,MOEAD_CD,10,0.2,1,4,68,5,5,683,63,0.5,0.07352941176470588,0.12820512820512822,4,3,11,10,0.5714285714285714,0.2857142857142857,0.38095238095238093
1,DIARRHOEA,pc,10,0.2,1,4,69,1,3,685,67,0.25,0.014705882352941176,0.027777777777777776,1,0,14,13,1.0,0.07142857142857142,0.13333333333333333
2,DIARRHOEA,pc_con,10,0.2,1,4,69,1,3,685,67,0.25,0.014705882352941176,0.027777777777777776,1,0,14,13,1.0,0.07142857142857142,0.13333333333333333
