,Network,Method,NumOfData,CorRate,WroRate,Repeat,SHD,Adj_Tp,Adj_Fp,Adj_Tn,Adj_Fn,Prec,Rec,F1,Con_Tp,Con_Fp,Con_Tn,Con_Fn,Con_Prec,Con_Rec,Con_F1
0,DIARRHOEA,MOEAD_CD,50,0.2,1,9,66,8,10,678,60,0.4444444444444444,0.11764705882352941,0.18604651162790695,8,3,11,6,0.7272727272727273,0.5714285714285714,0.64
1,DIARRHOEA,pc,50,0.2,1,9,69,2,9,679,66,0.18181818181818182,0.029411764705882353,0.050632911392405056,1,1,13,13,0.5,0.07142857142857142,0.125
2,DIARRHOEA,pc_con,50,0.2,1,9,69,2,9,679,66,0.18181818181818182,0.029411764705882353,0.050632911392405056,1,1,13,13,0.5,0.07142857142857142,0.125
