,Network,Method,NumOfData,CorRate,WroRate,Repeat,SHD,Adj_Tp,Adj_Fp,Adj_Tn,Adj_Fn,Prec,Rec,F1,Con_Tp,Con_Fp,Con_Tn,Con_Fn,Con_Prec,Con_Rec,Con_F1
0,DIARRHOEA,MOEAD_CD,50,0.2,1,1,60,9,2,686,59,0.8181818181818182,0.1323529411764706,0.22784810126582278,4,0,14,10,1.0,0.2857142857142857,0.4444444444444445
1,DIARRHOEA,pc,50,0.2,1,1,65,4,4,684,64,0.5,0.058823529411764705,0.10526315789473684,1,0,14,13,1.0,0.07142857142857142,0.13333333333333333
2,DIARRHOEA,pc_con,50,0.2,1,1,65,4,4,684,64,0.5,0.058823529411764705,0.10526315789473684,1,0,14,13,1.0,0.07142857142857142,0.13333333333333333
