,Network,Method,NumOfData,CorRate,WroRate,Repeat,SHD,Adj_Tp,Adj_Fp,Adj_Tn,Adj_Fn,Prec,Rec,F1,Con_Tp,Con_Fp,Con_Tn,Con_Fn,Con_Prec,Con_Rec,Con_F1
0,DIARRHOEA,MOEAD_CD,50,0.2,1,4,66,4,9,679,64,0.3076923076923077,0.058823529411764705,0.09876543209876543,2,0,14,12,1.0,0.14285714285714285,0.25
1,DIARRHOEA,pc,50,0.2,1,4,68,2,9,679,66,0.18181818181818182,0.029411764705882353,0.050632911392405056,0,0,14,14,0.0,0.0,0.0
2,DIARRHOEA,pc_con,50,0.2,1,4,68,2,9,679,66,0.18181818181818182,0.029411764705882353,0.050632911392405056,0,0,14,14,0.0,0.0,0.0
