,Network,Method,NumOfData,CorRate,WroRate,Repeat,SHD,Adj_Tp,Adj_Fp,Adj_Tn,Adj_Fn,Prec,Rec,F1,Con_Tp,Con_Fp,Con_Tn,Con_Fn,Con_Prec,Con_Rec,Con_F1
0,DIARRHOEA,MOEAD_CD,50,0.2,1,5,67,4,8,680,64,0.3333333333333333,0.058823529411764705,0.1,2,1,13,12,0.6666666666666666,0.14285714285714285,0.23529411764705882
1,DIARRHOEA,pc,50,0.2,1,5,67,3,6,682,65,0.3333333333333333,0.04411764705882353,0.07792207792207792,0,0,14,14,0.0,0.0,0.0
2,DIARRHOEA,pc_con,50,0.2,1,5,67,3,6,682,65,0.3333333333333333,0.04411764705882353,0.07792207792207792,0,0,14,14,0.0,0.0,0.0
