,Network,Method,NumOfData,CorRate,WroRate,Repeat,SHD,Adj_Tp,Adj_Fp,Adj_Tn,Adj_Fn,Prec,Rec,F1,Con_Tp,Con_Fp,Con_Tn,Con_Fn,Con_Prec,Con_Rec,Con_F1
0,DIARRHOEA,MOEAD_CD,50,0.2,1,3,66,2,4,684,66,0.3333333333333333,0.029411764705882353,0.05405405405405406,1,0,14,13,1.0,0.07142857142857142,0.13333333333333333
1,DIARRHOEA,pc,50,0.2,1,3,66,2,3,685,66,0.4,0.029411764705882353,0.0547945205479452,0,0,14,14,0.0,0.0,0.0
2,DIARRHOEA,pc_con,50,0.2,1,3,66,2,3,685,66,0.4,0.029411764705882353,0.0547945205479452,0,0,14,14,0.0,0.0,0.0
