,Network,Method,NumOfData,CorRate,WroRate,Repeat,SHD,Adj_Tp,Adj_Fp,Adj_Tn,Adj_Fn,Prec,Rec,F1,Con_Tp,Con_Fp,Con_Tn,Con_Fn,Con_Prec,Con_Rec,Con_F1
0,DIARRHOEA,MOEAD_CD,50,0.2,1,2,63,7,5,683,61,0.5833333333333334,0.10294117647058823,0.17500000000000002,4,0,14,10,1.0,0.2857142857142857,0.4444444444444445
1,DIARRHOEA,pc,50,0.2,1,2,67,3,6,682,65,0.3333333333333333,0.04411764705882353,0.07792207792207792,2,0,14,12,1.0,0.14285714285714285,0.25
2,DIARRHOEA,pc_con,50,0.2,1,2,67,3,6,682,65,0.3333333333333333,0.04411764705882353,0.07792207792207792,2,0,14,12,1.0,0.14285714285714285,0.25
