,Network,Method,NumOfData,CorRate,WroRate,Repeat,SHD,Adj_Tp,Adj_Fp,Adj_Tn,Adj_Fn,Prec,Rec,F1,Con_Tp,Con_Fp,Con_Tn,Con_Fn,Con_Prec,Con_Rec,Con_F1
0,DIARRHOEA,MOEAD_CD,50,0.2,1,8,68,4,8,680,64,0.3333333333333333,0.058823529411764705,0.1,1,0,14,13,1.0,0.07142857142857142,0.13333333333333333
1,DIARRHOEA,pc,50,0.2,1,8,70,2,9,679,66,0.18181818181818182,0.029411764705882353,0.050632911392405056,0,1,13,14,0.0,0.0,0.0
2,DIARRHOEA,pc_con,50,0.2,1,8,70,2,9,679,66,0.18181818181818182,0.029411764705882353,0.050632911392405056,0,1,13,14,0.0,0.0,0.0
