,Network,Method,NumOfData,CorRate,WroRate,Repeat,SHD,Adj_Tp,Adj_Fp,Adj_Tn,Adj_Fn,Prec,Rec,F1,Con_Tp,Con_Fp,Con_Tn,Con_Fn,Con_Prec,Con_Rec,Con_F1
0,DIARRHOEA,MOEAD_CD,100,0.2,1,1,60,8,7,681,60,0.5333333333333333,0.11764705882352941,0.19277108433734938,3,0,14,11,1.0,0.21428571428571427,0.35294117647058826
1,DIARRHOEA,pc,100,0.2,1,1,60,8,6,682,60,0.5714285714285714,0.11764705882352941,0.1951219512195122,3,0,14,11,1.0,0.21428571428571427,0.35294117647058826
2,DIARRHOEA,pc_con,100,0.2,1,1,60,8,6,682,60,0.5714285714285714,0.11764705882352941,0.1951219512195122,3,0,14,11,1.0,0.21428571428571427,0.35294117647058826
