,Network,Method,NumOfData,CorRate,WroRate,Repeat,SHD,Adj_Tp,Adj_Fp,Adj_Tn,Adj_Fn,Prec,Rec,F1,Con_Tp,Con_Fp,Con_Tn,Con_Fn,Con_Prec,Con_Rec,Con_F1
0,DIARRHOEA,MOEAD_CD,100,0.2,1,9,65,3,10,678,65,0.23076923076923078,0.04411764705882353,0.07407407407407408,2,0,14,12,1.0,0.14285714285714285,0.25
1,DIARRHOEA,pc,100,0.2,1,9,65,3,8,680,65,0.2727272727272727,0.04411764705882353,0.0759493670886076,1,0,14,13,1.0,0.07142857142857142,0.13333333333333333
2,DIARRHOEA,pc_con,100,0.2,1,9,65,3,8,680,65,0.2727272727272727,0.04411764705882353,0.0759493670886076,1,0,14,13,1.0,0.07142857142857142,0.13333333333333333
