,Network,Method,NumOfData,CorRate,WroRate,Repeat,SHD,Adj_Tp,Adj_Fp,Adj_Tn,Adj_Fn,Prec,Rec,F1,Con_Tp,Con_Fp,Con_Tn,Con_Fn,Con_Prec,Con_Rec,Con_F1
0,DIARRHOEA,MOEAD_CD,100,0.2,1,6,63,6,6,682,62,0.5,0.08823529411764706,0.15,2,1,13,12,0.6666666666666666,0.14285714285714285,0.23529411764705882
1,DIARRHOEA,pc,100,0.2,1,6,64,5,7,681,63,0.4166666666666667,0.07352941176470588,0.125,1,2,12,13,0.3333333333333333,0.07142857142857142,0.11764705882352941
2,DIARRHOEA,pc_con,100,0.2,1,6,64,5,7,681,63,0.4166666666666667,0.07352941176470588,0.125,1,2,12,13,0.3333333333333333,0.07142857142857142,0.11764705882352941
