,Network,Method,NumOfData,CorRate,WroRate,Repeat,SHD,Adj_Tp,Adj_Fp,Adj_Tn,Adj_Fn,Prec,Rec,F1,Con_Tp,Con_Fp,Con_Tn,Con_Fn,Con_Prec,Con_Rec,Con_F1
0,DIARRHOEA,MOEAD_CD,100,0.2,1,7,60,11,4,684,57,0.7333333333333333,0.16176470588235295,0.26506024096385544,4,0,14,10,1.0,0.2857142857142857,0.4444444444444445
1,DIARRHOEA,pc,100,0.2,1,7,64,7,6,682,61,0.5384615384615384,0.10294117647058823,0.17283950617283952,2,0,14,12,1.0,0.14285714285714285,0.25
2,DIARRHOEA,pc_con,100,0.2,1,7,64,7,6,682,61,0.5384615384615384,0.10294117647058823,0.17283950617283952,2,0,14,12,1.0,0.14285714285714285,0.25
