,Network,Method,NumOfData,CorRate,WroRate,Repeat,SHD,Adj_Tp,Adj_Fp,Adj_Tn,Adj_Fn,Prec,Rec,F1,Con_Tp,Con_Fp,Con_Tn,Con_Fn,Con_Prec,Con_Rec,Con_F1
0,ALARM,MOEAD_CD,100,0.2,1,8,40,11,12,1274,35,0.4782608695652174,0.2391304347826087,0.3188405797101449,5,2,7,4,0.7142857142857143,0.5555555555555556,0.6250000000000001
1,ALARM,pc,100,0.2,1,8,38,11,10,1276,35,0.5238095238095238,0.2391304347826087,0.32835820895522383,6,0,9,3,1.0,0.6666666666666666,0.8
2,ALARM,pc_con,100,0.2,1,8,38,11,10,1276,35,0.5238095238095238,0.2391304347826087,0.32835820895522383,6,0,9,3,1.0,0.6666666666666666,0.8
