,Network,Method,NumOfData,CorRate,WroRate,Repeat,SHD,Adj_Tp,Adj_Fp,Adj_Tn,Adj_Fn,Prec,Rec,F1,Con_Tp,Con_Fp,Con_Tn,Con_Fn,Con_Prec,Con_Rec,Con_F1,type
0,FORMED,UpCM,100,0.2,1,-5193.233048037378,117,23,19,7499,115,0.5476190476190477,0.16666666666666666,0.2555555555555556,6,1,27,22,0.8571428571428571,0.21428571428571427,0.34285714285714286,Addition
