,Network,Method,NumOfData,CorRate,WroRate,Repeat,SHD,Adj_Tp,Adj_Fp,Adj_Tn,Adj_Fn,Prec,Rec,F1,Con_Tp,Con_Fp,Con_Tn,Con_Fn,Con_Prec,Con_Rec,Con_F1,type
0,DIARRHOEA,UpCM,100,0.2,1,-2036.9393082776057,64,5,9,679,63,0.35714285714285715,0.07352941176470588,0.12195121951219512,2,1,13,12,0.6666666666666666,0.14285714285714285,0.23529411764705882,Addition
