,Network,Method,NumOfData,CorRate,WroRate,Repeat,SHD,Adj_Tp,Adj_Fp,Adj_Tn,Adj_Fn,Prec,Rec,F1,Con_Tp,Con_Fp,Con_Tn,Con_Fn,Con_Prec,Con_Rec,Con_F1,type
0,DIARRHOEA,UpCM,100,0.2,1,-2253.6065366966104,63,10,14,674,58,0.4166666666666667,0.14705882352941177,0.2173913043478261,6,5,9,8,0.5454545454545454,0.42857142857142855,0.4799999999999999,Addition
