,Network,Method,NumOfData,CorRate,WroRate,Repeat,SHD,Adj_Tp,Adj_Fp,Adj_Tn,Adj_Fn,Prec,Rec,F1,Con_Tp,Con_Fp,Con_Tn,Con_Fn,Con_Prec,Con_Rec,Con_F1,type
0,DIARRHOEA,UpCM,100,0.2,1,-2284.3464243508474,64,14,16,672,54,0.4666666666666667,0.20588235294117646,0.28571428571428564,9,7,7,5,0.5625,0.6428571428571429,0.6000000000000001,Addition
