,Network,Method,NumOfData,CorRate,WroRate,Repeat,SHD,Adj_Tp,Adj_Fp,Adj_Tn,Adj_Fn,Prec,Rec,F1,Con_Tp,Con_Fp,Con_Tn,Con_Fn,Con_Prec,Con_Rec,Con_F1,type
0,DIARRHOEA,UpCM,100,0.2,1,-2226.726653144823,62,13,16,672,55,0.4482758620689655,0.19117647058823528,0.26804123711340205,9,5,9,5,0.6428571428571429,0.6428571428571429,0.6428571428571429,Addition
