,Network,Method,NumOfData,CorRate,WroRate,Repeat,SHD,Adj_Tp,Adj_Fp,Adj_Tn,Adj_Fn,Prec,Rec,F1,Con_Tp,Con_Fp,Con_Tn,Con_Fn,Con_Prec,Con_Rec,Con_F1,type
0,ALARM,UpCM,100,0.2,1,-2367.2044544337286,38,15,9,1277,31,0.625,0.32608695652173914,0.4285714285714286,7,2,7,2,0.7777777777777778,0.7777777777777778,0.7777777777777778,Addition
