,Network,Method,NumOfData,CorRate,WroRate,Repeat,SHD,Adj_Tp,Adj_Fp,Adj_Tn,Adj_Fn,Prec,Rec,F1,Con_Tp,Con_Fp,Con_Tn,Con_Fn,Con_Prec,Con_Rec,Con_F1,type
0,DIARRHOEA,UpCM,100,0.2,1,-2228.5072731102064,57,15,12,676,53,0.5555555555555556,0.22058823529411764,0.31578947368421056,11,5,9,3,0.6875,0.7857142857142857,0.7333333333333334,Addition
