,Network,Method,NumOfData,CorRate,WroRate,Repeat,SHD,Adj_Tp,Adj_Fp,Adj_Tn,Adj_Fn,Prec,Rec,F1,Con_Tp,Con_Fp,Con_Tn,Con_Fn,Con_Prec,Con_Rec,Con_F1
0,DIARRHOEA,MOEAD_CD,200,0.2,1,5,63,6,8,680,62,0.42857142857142855,0.08823529411764706,0.14634146341463417,2,0,14,12,1.0,0.14285714285714285,0.25
1,DIARRHOEA,pc,200,0.2,1,5,62,7,7,681,61,0.5,0.10294117647058823,0.17073170731707318,3,0,14,11,1.0,0.21428571428571427,0.35294117647058826
2,DIARRHOEA,pc_con,200,0.2,1,5,62,7,7,681,61,0.5,0.10294117647058823,0.17073170731707318,3,0,14,11,1.0,0.21428571428571427,0.35294117647058826
