,Network,Method,NumOfData,CorRate,WroRate,Repeat,SHD,Adj_Tp,Adj_Fp,Adj_Tn,Adj_Fn,Prec,Rec,F1,Con_Tp,Con_Fp,Con_Tn,Con_Fn,Con_Prec,Con_Rec,Con_F1
0,DIARRHOEA,MOEAD_CD,200,0.2,1,2,62,7,11,677,61,0.3888888888888889,0.10294117647058823,0.1627906976744186,2,1,13,12,0.6666666666666666,0.14285714285714285,0.23529411764705882
1,DIARRHOEA,pc,200,0.2,1,2,58,11,7,681,57,0.6111111111111112,0.16176470588235295,0.2558139534883721,5,0,14,9,1.0,0.35714285714285715,0.5263157894736842
2,DIARRHOEA,pc_con,200,0.2,1,2,58,11,7,681,57,0.6111111111111112,0.16176470588235295,0.2558139534883721,5,0,14,9,1.0,0.35714285714285715,0.5263157894736842
