,Network,Method,NumOfData,CorRate,WroRate,Repeat,SHD,Adj_Tp,Adj_Fp,Adj_Tn,Adj_Fn,Prec,Rec,F1,Con_Tp,Con_Fp,Con_Tn,Con_Fn,Con_Prec,Con_Rec,Con_F1
0,DIARRHOEA,MOEAD_CD,200,0.2,1,4,61,10,9,679,58,0.5263157894736842,0.14705882352941177,0.22988505747126434,4,0,14,10,1.0,0.2857142857142857,0.4444444444444445
1,DIARRHOEA,pc,200,0.2,1,4,62,9,9,679,59,0.5,0.1323529411764706,0.20930232558139536,3,0,14,11,1.0,0.21428571428571427,0.35294117647058826
2,DIARRHOEA,pc_con,200,0.2,1,4,62,9,9,679,59,0.5,0.1323529411764706,0.20930232558139536,3,0,14,11,1.0,0.21428571428571427,0.35294117647058826
