,Network,Method,NumOfData,CorRate,WroRate,Repeat,SHD,Adj_Tp,Adj_Fp,Adj_Tn,Adj_Fn,Prec,Rec,F1,Con_Tp,Con_Fp,Con_Tn,Con_Fn,Con_Prec,Con_Rec,Con_F1,type,Main_time,PDAG2DAG_Time,N_evaluations
0,COVID19,UpCM,866,0.2,1,-7255.978053161304,41,11,21,214,26,0.34375,0.2972972972972973,0.3188405797101449,5,3,3,1,0.625,0.8333333333333334,0.7142857142857143,Normal,27.757166147232056,2.612950086593628,1000
1,COVID19,pc_con,866,0.2,1,-7642.027786752297,49,6,23,212,31,0.20689655172413793,0.16216216216216217,0.18181818181818182,1,1,5,5,0.5,0.16666666666666666,0.25,,2.25398588180542,,
2,COVID19,ges_con,866,0.2,1,-7666.641261508542,43,7,18,217,30,0.28,0.1891891891891892,0.22580645161290325,4,5,1,2,0.4444444444444444,0.6666666666666666,0.5333333333333333,,2.25398588180542,,
3,COVID19,mahc_con,866,0.2,1,-7900.6515499454745,39,8,14,221,29,0.36363636363636365,0.21621621621621623,0.27118644067796616,3,4,2,3,0.42857142857142855,0.5,0.4615384615384615,,2.25398588180542,,
4,COVID19,SaiyanH_con,866,0.2,1,-7365.750854610005,43,8,19,216,29,0.2962962962962963,0.21621621621621623,0.25,3,5,1,3,0.375,0.5,0.42857142857142855,,2.25398588180542,,
