,Network,Method,NumOfData,CorRate,WroRate,Repeat,SHD,Adj_Tp,Adj_Fp,Adj_Tn,Adj_Fn,Prec,Rec,F1,Con_Tp,Con_Fp,Con_Tn,Con_Fn,Con_Prec,Con_Rec,Con_F1
0,ALARM,pcMy,100,0.2,2,-2479.0948285743166,40,16,16,1270,30,0.5,0.34782608695652173,0.41025641025641024,5,5,13,4,0.5,0.5555555555555556,0.5263157894736842
1,ALARM,pc_con,100,0.2,2,-2543.5608211431436,39,12,12,1274,34,0.5,0.2608695652173913,0.3428571428571428,2,0,18,7,1.0,0.2222222222222222,0.3636363636363636
2,ALARM,ges_con,100,0.2,2,-2851.12042803586,40,6,0,1286,40,1.0,0.13043478260869565,0.23076923076923078,5,0,18,4,1.0,0.5555555555555556,0.7142857142857143
3,ALARM,mahc_con,100,0.2,2,-2493.6729326257837,41,9,13,1273,37,0.4090909090909091,0.1956521739130435,0.2647058823529412,3,1,17,6,0.75,0.3333333333333333,0.46153846153846156
4,ALARM,SaiyanH_con,100,0.2,2,-inf,47,21,27,1259,25,0.4375,0.45652173913043476,0.44680851063829785,6,8,10,3,0.42857142857142855,0.6666666666666666,0.5217391304347826
