,Network,Method,NumOfData,CorRate,WroRate,Repeat,SHD,Adj_Tp,Adj_Fp,Adj_Tn,Adj_Fn,Prec,Rec,F1,Con_Tp,Con_Fp,Con_Tn,Con_Fn,Con_Prec,Con_Rec,Con_F1
0,ALARM,pcMy,100,0.2,2,-2438.0216671137914,37,16,13,1273,30,0.5517241379310345,0.34782608695652173,0.42666666666666664,4,4,14,5,0.5,0.4444444444444444,0.47058823529411764
1,ALARM,pc_con,100,0.2,2,-2475.6078355231807,37,12,11,1275,34,0.5217391304347826,0.2608695652173913,0.3478260869565218,3,0,18,6,1.0,0.3333333333333333,0.5
2,ALARM,ges_con,100,0.2,2,-2769.7997946023033,45,6,6,1280,40,0.5,0.13043478260869565,0.20689655172413793,6,5,13,3,0.5454545454545454,0.6666666666666666,0.6
3,ALARM,mahc_con,100,0.2,2,-2449.9554560533843,43,10,18,1268,36,0.35714285714285715,0.21739130434782608,0.27027027027027023,3,5,13,6,0.375,0.3333333333333333,0.35294117647058826
4,ALARM,SaiyanH_con,100,0.2,2,-2211.7453412851496,61,13,44,1242,33,0.22807017543859648,0.2826086956521739,0.25242718446601936,5,14,4,4,0.2631578947368421,0.5555555555555556,0.35714285714285715
