,Network,Method,NumOfData,CorRate,WroRate,Repeat,SHD,Adj_Tp,Adj_Fp,Adj_Tn,Adj_Fn,Prec,Rec,F1,Con_Tp,Con_Fp,Con_Tn,Con_Fn,Con_Prec,Con_Rec,Con_F1
0,DIARRHOEA,MOEAD_CD,10,0.2,1,7,73,3,8,680,65,0.2727272727272727,0.04411764705882353,0.0759493670886076,3,1,13,11,0.75,0.21428571428571427,0.3333333333333333
1,DIARRHOEA,pc,10,0.2,1,7,75,0,7,681,68,0.0,0.0,0.0,0,0,14,14,0.0,0.0,0.0
2,DIARRHOEA,pc_con,10,0.2,1,7,75,0,7,681,68,0.0,0.0,0.0,0,0,14,14,0.0,0.0,0.0
