,Network,Method,NumOfData,CorRate,WroRate,Repeat,SHD,Adj_Tp,Adj_Fp,Adj_Tn,Adj_Fn,Prec,Rec,F1,Con_Tp,Con_Fp,Con_Tn,Con_Fn,Con_Prec,Con_Rec,Con_F1
0,DIARRHOEA,MOEAD_CD,10,0.2,1,1,76,0,12,676,68,0.0,0.0,0,0,2,12,14,0.0,0.0,0
1,DIARRHOEA,pc,10,0.2,1,1,74,1,9,679,67,0.1,0.014705882352941176,0.02564102564102564,1,0,14,13,1.0,0.07142857142857142,0.13333333333333333
2,DIARRHOEA,pc_con,10,0.2,1,1,74,1,9,679,67,0.1,0.014705882352941176,0.02564102564102564,1,0,14,13,1.0,0.07142857142857142,0.13333333333333333
