,Network,Method,NumOfData,CorRate,WroRate,Repeat,SHD,Adj_Tp,Adj_Fp,Adj_Tn,Adj_Fn,Prec,Rec,F1,Con_Tp,Con_Fp,Con_Tn,Con_Fn,Con_Prec,Con_Rec,Con_F1
0,DIARRHOEA,MOEAD_CD,10,0.2,1,6,73,4,9,679,64,0.3076923076923077,0.058823529411764705,0.09876543209876543,4,3,11,10,0.5714285714285714,0.2857142857142857,0.38095238095238093
1,DIARRHOEA,pc,10,0.2,1,6,73,1,6,682,67,0.14285714285714285,0.014705882352941176,0.026666666666666665,1,1,13,13,0.5,0.07142857142857142,0.125
2,DIARRHOEA,pc_con,10,0.2,1,6,73,1,6,682,67,0.14285714285714285,0.014705882352941176,0.026666666666666665,1,1,13,13,0.5,0.07142857142857142,0.125
