,Network,Method,NumOfData,CorRate,WroRate,Repeat,SHD,Adj_Tp,Adj_Fp,Adj_Tn,Adj_Fn,Prec,Rec,F1,Con_Tp,Con_Fp,Con_Tn,Con_Fn,Con_Prec,Con_Rec,Con_F1
0,FORMED,pcMy,100,0.2,1,-6323.742327783625,117,40,36,7482,98,0.5263157894736842,0.2898550724637681,0.37383177570093457,20,14,14,8,0.5882352941176471,0.7142857142857143,0.6451612903225806
1,FORMED,pc_con,100,0.2,1,-6352.453535261344,116,27,22,7496,111,0.5510204081632653,0.1956521739130435,0.2887700534759358,8,0,28,20,1.0,0.2857142857142857,0.4444444444444445
2,FORMED,ges_con,100,0.2,1,-6163.924159337144,134,31,47,7471,107,0.3974358974358974,0.2246376811594203,0.287037037037037,10,4,24,18,0.7142857142857143,0.35714285714285715,0.4761904761904762
3,FORMED,mahc_con,100,0.2,1,-6202.867290193303,120,32,35,7483,106,0.47761194029850745,0.2318840579710145,0.3121951219512195,10,2,26,18,0.8333333333333334,0.35714285714285715,0.5
4,FORMED,SaiyanH_con,100,0.2,1,-inf,197,38,120,7398,100,0.24050632911392406,0.2753623188405797,0.25675675675675674,18,21,7,10,0.46153846153846156,0.6428571428571429,0.537313432835821
