,Network,Method,NumOfData,CorRate,WroRate,Repeat,SHD,Adj_Tp,Adj_Fp,Adj_Tn,Adj_Fn,Prec,Rec,F1,Con_Tp,Con_Fp,Con_Tn,Con_Fn,Con_Prec,Con_Rec,Con_F1
0,FORMED,pcMy,100,0.2,1,-6240.0490125206325,114,36,30,7488,102,0.5454545454545454,0.2608695652173913,0.3529411764705882,20,11,17,8,0.6451612903225806,0.7142857142857143,0.6779661016949152
1,FORMED,pc_con,100,0.2,1,-6289.695033084221,115,24,20,7498,114,0.5454545454545454,0.17391304347826086,0.26373626373626374,8,0,28,20,1.0,0.2857142857142857,0.4444444444444445
2,FORMED,ges_con,100,0.2,1,-6740.75611461359,123,15,1,7517,123,0.9375,0.10869565217391304,0.1948051948051948,15,0,28,13,1.0,0.5357142857142857,0.6976744186046512
3,FORMED,mahc_con,100,0.2,1,-6191.291101272281,114,36,31,7487,102,0.5373134328358209,0.2608695652173913,0.35121951219512193,13,0,28,15,1.0,0.4642857142857143,0.6341463414634146
4,FORMED,SaiyanH_con,100,0.2,1,-6188.205026766297,171,44,98,7420,94,0.30985915492957744,0.3188405797101449,0.3142857142857143,22,19,9,6,0.5365853658536586,0.7857142857142857,0.6376811594202899
