,Network,Method,NumOfData,CorRate,WroRate,Repeat,SHD,Adj_Tp,Adj_Fp,Adj_Tn,Adj_Fn,Prec,Rec,F1,Con_Tp,Con_Fp,Con_Tn,Con_Fn,Con_Prec,Con_Rec,Con_F1
0,FORMED,pcMy,50,0.2,1,-3167.0349547255237,127,26,31,7487,112,0.45614035087719296,0.18840579710144928,0.2666666666666666,19,8,20,9,0.7037037037037037,0.6785714285714286,0.6909090909090909
1,FORMED,pc_con,50,0.2,1,-3207.1281875951117,132,14,22,7496,124,0.3888888888888889,0.10144927536231885,0.16091954022988506,7,0,28,21,1.0,0.25,0.4
2,FORMED,ges_con,50,0.2,1,-3360.175856186779,127,13,2,7516,125,0.8666666666666667,0.09420289855072464,0.16993464052287582,13,1,27,15,0.9285714285714286,0.4642857142857143,0.6190476190476191
3,FORMED,mahc_con,50,0.2,1,-3097.7384022177807,130,33,37,7481,105,0.4714285714285714,0.2391304347826087,0.3173076923076923,12,2,26,16,0.8571428571428571,0.42857142857142855,0.5714285714285714
4,FORMED,SaiyanH_con,50,0.2,1,-inf,222,30,134,7384,108,0.18292682926829268,0.21739130434782608,0.1986754966887417,17,18,10,11,0.4857142857142857,0.6071428571428571,0.5396825396825397
