,Network,Method,NumOfData,CorRate,WroRate,Repeat,SHD,Adj_Tp,Adj_Fp,Adj_Tn,Adj_Fn,Prec,Rec,F1,Con_Tp,Con_Fp,Con_Tn,Con_Fn,Con_Prec,Con_Rec,Con_F1
0,FORMED,pcMy,100,0.2,2,-6409.147032658307,138,27,46,7472,111,0.3698630136986301,0.1956521739130435,0.2559241706161137,17,23,33,11,0.425,0.6071428571428571,0.5
1,FORMED,pc_con,100,0.2,2,-6464.731127335032,128,15,25,7493,123,0.375,0.10869565217391304,0.16853932584269662,7,1,55,21,0.875,0.25,0.3888888888888889
2,FORMED,ges_con,100,0.2,2,-6708.716791196076,127,14,5,7513,124,0.7368421052631579,0.10144927536231885,0.17834394904458598,14,4,52,14,0.7777777777777778,0.5,0.6086956521739131
3,FORMED,mahc_con,100,0.2,2,-6223.344998544705,120,34,34,7484,104,0.5,0.2463768115942029,0.3300970873786408,12,4,52,16,0.75,0.42857142857142855,0.5454545454545454
4,FORMED,SaiyanH_con,100,0.2,2,-inf,211,39,132,7386,99,0.22807017543859648,0.2826086956521739,0.25242718446601936,21,38,18,7,0.3559322033898305,0.75,0.4827586206896552
