,Network,Method,NumOfData,CorRate,WroRate,Repeat,SHD,Adj_Tp,Adj_Fp,Adj_Tn,Adj_Fn,Prec,Rec,F1,Con_Tp,Con_Fp,Con_Tn,Con_Fn,Con_Prec,Con_Rec,Con_F1
0,FORMED,pcMy,100,0.5,1,-6127.881298689356,115,57,54,7464,81,0.5135135135135135,0.41304347826086957,0.4578313253012048,43,30,39,26,0.589041095890411,0.6231884057971014,0.6056338028169014
1,FORMED,pc_con,100,0.5,1,-6317.92363265301,119,25,25,7493,113,0.5,0.18115942028985507,0.26595744680851063,11,0,69,58,1.0,0.15942028985507245,0.27499999999999997
2,FORMED,ges_con,100,0.5,1,-6676.6006499102,112,28,2,7516,110,0.9333333333333333,0.2028985507246377,0.33333333333333337,28,2,67,41,0.9333333333333333,0.4057971014492754,0.5656565656565656
3,FORMED,mahc_con,100,0.5,1,-6218.2152289147025,121,36,35,7483,102,0.5070422535211268,0.2608695652173913,0.3444976076555023,22,1,68,47,0.9565217391304348,0.3188405797101449,0.4782608695652174
4,FORMED,SaiyanH_con,100,0.5,1,-inf,192,70,134,7384,68,0.3431372549019608,0.5072463768115942,0.4093567251461988,54,51,18,15,0.5142857142857142,0.782608695652174,0.6206896551724138
