,Network,Method,NumOfData,CorRate,WroRate,Repeat,SHD,Adj_Tp,Adj_Fp,Adj_Tn,Adj_Fn,Prec,Rec,F1,Con_Tp,Con_Fp,Con_Tn,Con_Fn,Con_Prec,Con_Rec,Con_F1
0,FORMED,pcMy,100,0.1,1,-6335.3447624792325,122,26,27,7491,112,0.49056603773584906,0.18840579710144928,0.27225130890052357,8,5,9,6,0.6153846153846154,0.5714285714285714,0.5925925925925927
1,FORMED,pc_con,100,0.1,1,-6348.105221597897,121,22,22,7496,116,0.5,0.15942028985507245,0.24175824175824173,4,0,14,10,1.0,0.2857142857142857,0.4444444444444445
2,FORMED,ges_con,100,0.1,1,-6133.590632109793,135,37,49,7469,101,0.43023255813953487,0.26811594202898553,0.3303571428571429,7,0,14,7,1.0,0.5,0.6666666666666666
3,FORMED,mahc_con,100,0.1,1,-6218.4698587136145,118,33,30,7488,105,0.5238095238095238,0.2391304347826087,0.32835820895522383,6,0,14,8,1.0,0.42857142857142855,0.6
4,FORMED,SaiyanH_con,100,0.1,1,-6202.426855274864,220,36,140,7378,102,0.20454545454545456,0.2608695652173913,0.22929936305732487,10,9,5,4,0.5263157894736842,0.7142857142857143,0.6060606060606061
