,Network,Method,NumOfData,CorRate,WroRate,Repeat,SHD,Adj_Tp,Adj_Fp,Adj_Tn,Adj_Fn,Prec,Rec,F1,Con_Tp,Con_Fp,Con_Tn,Con_Fn,Con_Prec,Con_Rec,Con_F1
0,DIARRHOEA,pcMy,100,0.2,1,7,59,12,4,684,56,0.75,0.17647058823529413,0.2857142857142857,5,1,13,9,0.8333333333333334,0.35714285714285715,0.5
1,DIARRHOEA,pc_con,100,0.2,1,7,64,7,6,682,61,0.5384615384615384,0.10294117647058823,0.17283950617283952,2,0,14,12,1.0,0.14285714285714285,0.25
2,DIARRHOEA,ges_con,100,0.2,1,7,62,6,0,688,62,1.0,0.08823529411764706,0.1621621621621622,5,0,14,9,1.0,0.35714285714285715,0.5263157894736842
3,DIARRHOEA,mahc_con,100,0.2,1,7,63,8,9,679,60,0.47058823529411764,0.11764705882352941,0.18823529411764706,4,0,14,10,1.0,0.2857142857142857,0.4444444444444445
4,DIARRHOEA,SaiyanH_con,100,0.2,1,7,69,23,28,660,45,0.45098039215686275,0.3382352941176471,0.3865546218487395,13,12,2,1,0.52,0.9285714285714286,0.6666666666666666
