,Network,Method,NumOfData,CorRate,WroRate,Repeat,SHD,Adj_Tp,Adj_Fp,Adj_Tn,Adj_Fn,Prec,Rec,F1,Con_Tp,Con_Fp,Con_Tn,Con_Fn,Con_Prec,Con_Rec,Con_F1
0,DIARRHOEA,pcMy,100,0.2,1,5,61,9,5,683,59,0.6428571428571429,0.1323529411764706,0.21951219512195122,7,0,14,7,1.0,0.5,0.6666666666666666
1,DIARRHOEA,pc_con,100,0.2,1,5,65,5,7,681,63,0.4166666666666667,0.07352941176470588,0.125,3,0,14,11,1.0,0.21428571428571427,0.35294117647058826
2,DIARRHOEA,ges_con,100,0.2,1,5,61,7,0,688,61,1.0,0.10294117647058823,0.18666666666666665,6,0,14,8,1.0,0.42857142857142855,0.6
3,DIARRHOEA,mahc_con,100,0.2,1,5,54,15,4,684,53,0.7894736842105263,0.22058823529411764,0.3448275862068966,6,0,14,8,1.0,0.42857142857142855,0.6
4,DIARRHOEA,SaiyanH_con,100,0.2,1,5,76,15,30,658,53,0.3333333333333333,0.22058823529411764,0.2654867256637168,13,8,6,1,0.6190476190476191,0.9285714285714286,0.742857142857143
