,Network,Method,NumOfData,CorRate,WroRate,Repeat,SHD,Adj_Tp,Adj_Fp,Adj_Tn,Adj_Fn,Prec,Rec,F1,Con_Tp,Con_Fp,Con_Tn,Con_Fn,Con_Prec,Con_Rec,Con_F1
0,DIARRHOEA,pcMy,100,0.2,1,3,64,6,11,677,62,0.35294117647058826,0.08823529411764706,0.1411764705882353,2,1,13,12,0.6666666666666666,0.14285714285714285,0.23529411764705882
1,DIARRHOEA,pc_con,100,0.2,1,3,65,5,12,676,63,0.29411764705882354,0.07352941176470588,0.11764705882352941,2,0,14,12,1.0,0.14285714285714285,0.25
2,DIARRHOEA,ges_con,100,0.2,1,3,65,3,1,687,65,0.75,0.04411764705882353,0.08333333333333334,2,1,13,12,0.6666666666666666,0.14285714285714285,0.23529411764705882
3,DIARRHOEA,mahc_con,100,0.2,1,3,61,11,8,680,57,0.5789473684210527,0.16176470588235295,0.25287356321839083,2,1,13,12,0.6666666666666666,0.14285714285714285,0.23529411764705882
4,DIARRHOEA,SaiyanH_con,100,0.2,1,3,69,20,27,661,48,0.425531914893617,0.29411764705882354,0.34782608695652173,12,8,6,2,0.6,0.8571428571428571,0.7058823529411764
