,Network,Method,NumOfData,CorRate,WroRate,Repeat,SHD,Adj_Tp,Adj_Fp,Adj_Tn,Adj_Fn,Prec,Rec,F1,Con_Tp,Con_Fp,Con_Tn,Con_Fn,Con_Prec,Con_Rec,Con_F1
0,DIARRHOEA,MOEAD_CD,50,0.2,1,6,65,4,6,682,64,0.4,0.058823529411764705,0.10256410256410256,2,1,13,12,0.6666666666666666,0.14285714285714285,0.23529411764705882
1,DIARRHOEA,pc,50,0.2,1,6,65,3,4,684,65,0.42857142857142855,0.04411764705882353,0.08,1,0,14,13,1.0,0.07142857142857142,0.13333333333333333
2,DIARRHOEA,pc_con,50,0.2,1,6,65,3,4,684,65,0.42857142857142855,0.04411764705882353,0.08,1,0,14,13,1.0,0.07142857142857142,0.13333333333333333
