,Network,Method,NumOfData,CorRate,WroRate,Repeat,SHD,Adj_Tp,Adj_Fp,Adj_Tn,Adj_Fn,Prec,Rec,F1,Con_Tp,Con_Fp,Con_Tn,Con_Fn,Con_Prec,Con_Rec,Con_F1
0,DIARRHOEA,MOEAD_CD,50,0.2,1,0,69,3,6,682,65,0.3333333333333333,0.04411764705882353,0.07792207792207792,2,0,14,12,1.0,0.14285714285714285,0.25
1,DIARRHOEA,pc,50,0.2,1,0,70,2,6,682,66,0.25,0.029411764705882353,0.05263157894736842,1,0,14,13,1.0,0.07142857142857142,0.13333333333333333
2,DIARRHOEA,pc_con,50,0.2,1,0,70,2,6,682,66,0.25,0.029411764705882353,0.05263157894736842,1,0,14,13,1.0,0.07142857142857142,0.13333333333333333
