,Network,Method,NumOfData,CorRate,WroRate,Repeat,SHD,Adj_Tp,Adj_Fp,Adj_Tn,Adj_Fn,Prec,Rec,F1,Con_Tp,Con_Fp,Con_Tn,Con_Fn,Con_Prec,Con_Rec,Con_F1
0,DIARRHOEA,MOEAD_CD,50,0.2,1,7,63,10,7,681,58,0.5882352941176471,0.14705882352941177,0.23529411764705882,6,5,9,8,0.5454545454545454,0.42857142857142855,0.4799999999999999
1,DIARRHOEA,pc,50,0.2,1,7,65,4,5,683,64,0.4444444444444444,0.058823529411764705,0.10389610389610389,2,0,14,12,1.0,0.14285714285714285,0.25
2,DIARRHOEA,pc_con,50,0.2,1,7,65,4,5,683,64,0.4444444444444444,0.058823529411764705,0.10389610389610389,2,0,14,12,1.0,0.14285714285714285,0.25
