,Network,Method,NumOfData,CorRate,WroRate,Repeat,SHD,Adj_Tp,Adj_Fp,Adj_Tn,Adj_Fn,Prec,Rec,F1,Con_Tp,Con_Fp,Con_Tn,Con_Fn,Con_Prec,Con_Rec,Con_F1
0,SPORTS,pcMy,30,0.2,1,-420.03716223147995,16,0,2,55,15,0.0,0.0,0,0,1,2,3,0.0,0.0,0
1,SPORTS,pc_con,30,0.2,1,-421.67605206139086,15,0,1,56,15,0.0,0.0,0,0,0,3,3,0.0,0.0,0
2,SPORTS,ges_con,30,0.2,1,-425.52870887966924,15,0,0,57,15,0.0,0.0,0,0,0,3,3,0.0,0.0,0
3,SPORTS,mahc_con,30,0.2,1,-418.2900662259559,14,1,1,56,14,0.5,0.06666666666666667,0.11764705882352941,0,0,3,3,0.0,0.0,0
4,SPORTS,SaiyanH_con,30,0.2,1,-417.9382569088063,15,3,7,50,12,0.3,0.2,0.24,1,2,1,2,0.3333333333333333,0.3333333333333333,0.3333333333333333
