,Network,Method,NumOfData,CorRate,WroRate,Repeat,SHD,Adj_Tp,Adj_Fp,Adj_Tn,Adj_Fn,Prec,Rec,F1,Con_Tp,Con_Fp,Con_Tn,Con_Fn,Con_Prec,Con_Rec,Con_F1
0,SPORTS,pcMy,200,0.2,1,-2617.104834415733,12,3,3,54,12,0.5,0.2,0.28571428571428575,1,0,3,2,1.0,0.3333333333333333,0.5
1,SPORTS,pc_con,200,0.2,1,-2617.104834415733,12,3,3,54,12,0.5,0.2,0.28571428571428575,1,0,3,2,1.0,0.3333333333333333,0.5
2,SPORTS,ges_con,200,0.2,1,-2721.689211549956,14,2,1,56,13,0.6666666666666666,0.13333333333333333,0.2222222222222222,1,1,2,2,0.5,0.3333333333333333,0.4
3,SPORTS,mahc_con,200,0.2,1,-2684.7463024466892,14,1,3,54,14,0.25,0.06666666666666667,0.10526315789473685,1,0,3,2,1.0,0.3333333333333333,0.5
4,SPORTS,SaiyanH_con,200,0.2,1,-2615.213173892051,11,5,5,52,10,0.5,0.3333333333333333,0.4,1,2,1,2,0.3333333333333333,0.3333333333333333,0.3333333333333333
