,Network,Method,NumOfData,CorRate,WroRate,Repeat,SHD,Adj_Tp,Adj_Fp,Adj_Tn,Adj_Fn,Prec,Rec,F1,Con_Tp,Con_Fp,Con_Tn,Con_Fn,Con_Prec,Con_Rec,Con_F1
0,SPORTS,pcMy,200,0.2,1,-2607.2902381374306,10,5,2,55,10,0.7142857142857143,0.3333333333333333,0.4545454545454545,3,0,3,0,1.0,1.0,1.0
1,SPORTS,pc_con,200,0.2,1,-2607.8763883789006,11,4,2,55,11,0.6666666666666666,0.26666666666666666,0.3809523809523809,2,0,3,1,1.0,0.6666666666666666,0.8
2,SPORTS,ges_con,200,0.2,1,-2715.313312887171,12,3,0,57,12,1.0,0.2,0.33333333333333337,2,0,3,1,1.0,0.6666666666666666,0.8
3,SPORTS,mahc_con,200,0.2,1,-2613.7509035987223,10,5,0,57,10,1.0,0.3333333333333333,0.5,2,0,3,1,1.0,0.6666666666666666,0.8
4,SPORTS,SaiyanH_con,200,0.2,1,-2641.2597490390226,9,8,4,53,7,0.6666666666666666,0.5333333333333333,0.5925925925925926,3,2,1,0,0.6,1.0,0.7499999999999999
