,Network,Method,NumOfData,CorRate,WroRate,Repeat,SHD,Adj_Tp,Adj_Fp,Adj_Tn,Adj_Fn,Prec,Rec,F1,Con_Tp,Con_Fp,Con_Tn,Con_Fn,Con_Prec,Con_Rec,Con_F1
0,DIARRHOEA,MOEAD_CD,100,0.2,1,8,63,5,6,682,63,0.45454545454545453,0.07352941176470588,0.12658227848101267,3,0,14,11,1.0,0.21428571428571427,0.35294117647058826
1,DIARRHOEA,pc,100,0.2,1,8,65,3,6,682,65,0.3333333333333333,0.04411764705882353,0.07792207792207792,0,0,14,14,0.0,0.0,0.0
2,DIARRHOEA,pc_con,100,0.2,1,8,65,3,6,682,65,0.3333333333333333,0.04411764705882353,0.07792207792207792,0,0,14,14,0.0,0.0,0.0
