,Network,Method,NumOfData,CorRate,WroRate,Repeat,SHD,Adj_Tp,Adj_Fp,Adj_Tn,Adj_Fn,Prec,Rec,F1,Con_Tp,Con_Fp,Con_Tn,Con_Fn,Con_Prec,Con_Rec,Con_F1
0,DIARRHOEA,MOEAD_CD,100,0.2,1,2,65,6,10,678,62,0.375,0.08823529411764706,0.14285714285714285,4,2,12,10,0.6666666666666666,0.2857142857142857,0.4
1,DIARRHOEA,pc,100,0.2,1,2,69,2,10,678,66,0.16666666666666666,0.029411764705882353,0.05,0,1,13,14,0.0,0.0,0.0
2,DIARRHOEA,pc_con,100,0.2,1,2,69,2,10,678,66,0.16666666666666666,0.029411764705882353,0.05,0,1,13,14,0.0,0.0,0.0
