,Network,Method,NumOfData,CorRate,WroRate,Repeat,SHD,Adj_Tp,Adj_Fp,Adj_Tn,Adj_Fn,Prec,Rec,F1,Con_Tp,Con_Fp,Con_Tn,Con_Fn,Con_Prec,Con_Rec,Con_F1
0,DIARRHOEA,MOEAD_CD,100,0.2,1,4,62,9,8,680,59,0.5294117647058824,0.1323529411764706,0.21176470588235297,4,0,14,10,1.0,0.2857142857142857,0.4444444444444445
1,DIARRHOEA,pc,100,0.2,1,4,64,7,7,681,61,0.5,0.10294117647058823,0.17073170731707318,1,0,14,13,1.0,0.07142857142857142,0.13333333333333333
2,DIARRHOEA,pc_con,100,0.2,1,4,64,7,7,681,61,0.5,0.10294117647058823,0.17073170731707318,1,0,14,13,1.0,0.07142857142857142,0.13333333333333333
