,Network,Method,NumOfData,CorRate,WroRate,Repeat,SHD,Adj_Tp,Adj_Fp,Adj_Tn,Adj_Fn,Prec,Rec,F1,Con_Tp,Con_Fp,Con_Tn,Con_Fn,Con_Prec,Con_Rec,Con_F1
0,DIARRHOEA,MOEAD_CD,100,0.2,1,5,61,9,5,683,59,0.6428571428571429,0.1323529411764706,0.21951219512195122,7,0,14,7,1.0,0.5,0.6666666666666666
1,DIARRHOEA,pc,100,0.2,1,5,65,5,7,681,63,0.4166666666666667,0.07352941176470588,0.125,3,0,14,11,1.0,0.21428571428571427,0.35294117647058826
2,DIARRHOEA,pc_con,100,0.2,1,5,65,5,7,681,63,0.4166666666666667,0.07352941176470588,0.125,3,0,14,11,1.0,0.21428571428571427,0.35294117647058826
