,Network,Method,NumOfData,CorRate,WroRate,Repeat,SHD,Adj_Tp,Adj_Fp,Adj_Tn,Adj_Fn,Prec,Rec,F1,Con_Tp,Con_Fp,Con_Tn,Con_Fn,Con_Prec,Con_Rec,Con_F1
0,DIARRHOEA,MOEAD_CD,100,0.2,1,0,65,4,9,679,64,0.3076923076923077,0.058823529411764705,0.09876543209876543,1,0,14,13,1.0,0.07142857142857142,0.13333333333333333
1,DIARRHOEA,pc,100,0.2,1,0,65,4,8,680,64,0.3333333333333333,0.058823529411764705,0.1,1,1,13,13,0.5,0.07142857142857142,0.125
2,DIARRHOEA,pc_con,100,0.2,1,0,65,4,8,680,64,0.3333333333333333,0.058823529411764705,0.1,1,1,13,13,0.5,0.07142857142857142,0.125
