,Network,Method,NumOfData,CorRate,WroRate,Repeat,SHD,Adj_Tp,Adj_Fp,Adj_Tn,Adj_Fn,Prec,Rec,F1,Con_Tp,Con_Fp,Con_Tn,Con_Fn,Con_Prec,Con_Rec,Con_F1,type
0,DIARRHOEA,UpCM,100,0.2,1,-2276.8143286946747,64,11,13,675,57,0.4583333333333333,0.16176470588235295,0.2391304347826087,8,7,7,6,0.5333333333333333,0.5714285714285714,0.5517241379310344,Addition
