,Network,Method,NumOfData,CorRate,WroRate,Repeat,SHD,Adj_Tp,Adj_Fp,Adj_Tn,Adj_Fn,Prec,Rec,F1,Con_Tp,Con_Fp,Con_Tn,Con_Fn,Con_Prec,Con_Rec,Con_F1,type
0,DIARRHOEA,UpCM,100,0.2,1,-2295.1199810548746,59,13,10,678,55,0.5652173913043478,0.19117647058823528,0.2857142857142857,11,4,10,3,0.7333333333333333,0.7857142857142857,0.7586206896551724,Addition
