,Network,Method,NumOfData,CorRate,WroRate,Repeat,SHD,Adj_Tp,Adj_Fp,Adj_Tn,Adj_Fn,Prec,Rec,F1,Con_Tp,Con_Fp,Con_Tn,Con_Fn,Con_Prec,Con_Rec,Con_F1,type
0,DIARRHOEA,UpCM,100,0.2,1,-2261.3381882439357,56,15,11,677,53,0.5769230769230769,0.22058823529411764,0.3191489361702128,11,3,11,3,0.7857142857142857,0.7857142857142857,0.7857142857142857,Addition
