,Network,Method,NumOfData,CorRate,WroRate,Repeat,SHD,Adj_Tp,Adj_Fp,Adj_Tn,Adj_Fn,Prec,Rec,F1,Con_Tp,Con_Fp,Con_Tn,Con_Fn,Con_Prec,Con_Rec,Con_F1,type
0,ALARM,UpCM,100,0.2,1,-2346.419985237916,40,14,12,1274,32,0.5384615384615384,0.30434782608695654,0.3888888888888889,8,3,6,1,0.7272727272727273,0.8888888888888888,0.7999999999999999,Addition
