,Network,Method,NumOfData,CorRate,WroRate,Repeat,SHD,Adj_Tp,Adj_Fp,Adj_Tn,Adj_Fn,Prec,Rec,F1,Con_Tp,Con_Fp,Con_Tn,Con_Fn,Con_Prec,Con_Rec,Con_F1,type
0,DIARRHOEA,UpCM,100,0.2,1,-2301.8135289629668,63,12,15,673,56,0.4444444444444444,0.17647058823529413,0.25263157894736843,10,7,7,4,0.5882352941176471,0.7142857142857143,0.6451612903225806,Addition
