,Network,Method,NumOfData,CorRate,WroRate,Repeat,SHD,Adj_Tp,Adj_Fp,Adj_Tn,Adj_Fn,Prec,Rec,F1,Con_Tp,Con_Fp,Con_Tn,Con_Fn,Con_Prec,Con_Rec,Con_F1,type
0,DIARRHOEA,UpCM,100,0.2,1,-2282.1805852837574,61,14,12,676,54,0.5384615384615384,0.20588235294117646,0.2978723404255319,9,4,10,5,0.6923076923076923,0.6428571428571429,0.6666666666666666,Addition
