,Network,Method,NumOfData,CorRate,WroRate,Repeat,SHD,Adj_Tp,Adj_Fp,Adj_Tn,Adj_Fn,Prec,Rec,F1,Con_Tp,Con_Fp,Con_Tn,Con_Fn,Con_Prec,Con_Rec,Con_F1,type
0,DIARRHOEA,UpCM,100,0.2,1,-2255.8112611404913,57,13,9,679,55,0.5909090909090909,0.19117647058823528,0.28888888888888886,9,2,12,5,0.8181818181818182,0.6428571428571429,0.7200000000000001,Addition
