,Network,Method,NumOfData,CorRate,WroRate,Repeat,SHD,Adj_Tp,Adj_Fp,Adj_Tn,Adj_Fn,Prec,Rec,F1,Con_Tp,Con_Fp,Con_Tn,Con_Fn,Con_Prec,Con_Rec,Con_F1,type
0,DIARRHOEA,UpCM,100,0.2,1,-2222.6925400183754,56,15,9,679,53,0.625,0.22058823529411764,0.32608695652173914,10,3,11,4,0.7692307692307693,0.7142857142857143,0.7407407407407408,Addition
