,Network,Method,NumOfData,CorRate,WroRate,Repeat,SHD,Adj_Tp,Adj_Fp,Adj_Tn,Adj_Fn,Prec,Rec,F1,Con_Tp,Con_Fp,Con_Tn,Con_Fn,Con_Prec,Con_Rec,Con_F1,type
0,ALARM,UpCM,100,0.2,1,-2285.7939464628316,31,19,10,1276,27,0.6551724137931034,0.41304347826086957,0.5066666666666666,8,3,6,1,0.7272727272727273,0.8888888888888888,0.7999999999999999,Addition
