,Network,Method,NumOfData,CorRate,WroRate,Repeat,SHD,Adj_Tp,Adj_Fp,Adj_Tn,Adj_Fn,Prec,Rec,F1,Con_Tp,Con_Fp,Con_Tn,Con_Fn,Con_Prec,Con_Rec,Con_F1,type
0,DIARRHOEA,UpCM,100,0.2,1,-2227.731734954202,60,12,11,677,56,0.5217391304347826,0.17647058823529413,0.26373626373626374,8,4,10,6,0.6666666666666666,0.5714285714285714,0.6153846153846153,Addition
