,Network,Method,NumOfData,CorRate,WroRate,Repeat,SHD,Adj_Tp,Adj_Fp,Adj_Tn,Adj_Fn,Prec,Rec,F1,Con_Tp,Con_Fp,Con_Tn,Con_Fn,Con_Prec,Con_Rec,Con_F1,type
0,DIARRHOEA,UpCM,100,0.2,1,-2299.550152820876,60,14,7,681,54,0.6666666666666666,0.20588235294117646,0.31460674157303364,11,4,10,3,0.7333333333333333,0.7857142857142857,0.7586206896551724,Addition
