,Network,Method,NumOfData,CorRate,WroRate,Repeat,SHD,Adj_Tp,Adj_Fp,Adj_Tn,Adj_Fn,Prec,Rec,F1,Con_Tp,Con_Fp,Con_Tn,Con_Fn,Con_Prec,Con_Rec,Con_F1,type
0,DIARRHOEA,UpCM,100,0.2,1,-2285.602399104855,60,16,12,676,52,0.5714285714285714,0.23529411764705882,0.3333333333333333,10,5,9,4,0.6666666666666666,0.7142857142857143,0.689655172413793,Addition
