,Network,Method,NumOfData,CorRate,WroRate,Repeat,SHD,Adj_Tp,Adj_Fp,Adj_Tn,Adj_Fn,Prec,Rec,F1,Con_Tp,Con_Fp,Con_Tn,Con_Fn,Con_Prec,Con_Rec,Con_F1,type
0,DIARRHOEA,UpCM,100,0.2,1,-2301.0788029301916,58,13,11,677,55,0.5416666666666666,0.19117647058823528,0.2826086956521739,11,3,11,3,0.7857142857142857,0.7857142857142857,0.7857142857142857,Addition
