,Network,Method,NumOfData,CorRate,WroRate,Repeat,SHD,Adj_Tp,Adj_Fp,Adj_Tn,Adj_Fn,Prec,Rec,F1,Con_Tp,Con_Fp,Con_Tn,Con_Fn,Con_Prec,Con_Rec,Con_F1,type
0,DIARRHOEA,UpCM,100,0.2,1,-2296.2116336792124,65,6,7,681,62,0.46153846153846156,0.08823529411764706,0.14814814814814817,1,0,14,13,1.0,0.07142857142857142,0.13333333333333333,Addition
