,Network,Method,NumOfData,CorRate,WroRate,Repeat,SHD,Adj_Tp,Adj_Fp,Adj_Tn,Adj_Fn,Prec,Rec,F1,Con_Tp,Con_Fp,Con_Tn,Con_Fn,Con_Prec,Con_Rec,Con_F1,type
0,DIARRHOEA,UpCM,100,0.2,1,-2225.771230403933,60,11,10,678,57,0.5238095238095238,0.16176470588235295,0.24719101123595508,6,5,9,8,0.5454545454545454,0.42857142857142855,0.4799999999999999,Addition
