,Network,Method,NumOfData,CorRate,WroRate,Repeat,SHD,Adj_Tp,Adj_Fp,Adj_Tn,Adj_Fn,Prec,Rec,F1,Con_Tp,Con_Fp,Con_Tn,Con_Fn,Con_Prec,Con_Rec,Con_F1,type
0,DIARRHOEA,UpCM,100,0.2,1,-2288.8688263976965,60,15,8,680,53,0.6521739130434783,0.22058823529411764,0.32967032967032966,9,4,10,5,0.6923076923076923,0.6428571428571429,0.6666666666666666,Addition
