,Network,Method,NumOfData,CorRate,WroRate,Repeat,SHD,Adj_Tp,Adj_Fp,Adj_Tn,Adj_Fn,Prec,Rec,F1,Con_Tp,Con_Fp,Con_Tn,Con_Fn,Con_Prec,Con_Rec,Con_F1,type
0,ALARM,UpCM,100,0.5,1,-2262.673472137059,36,21,14,1272,25,0.6,0.45652173913043476,0.5185185185185185,16,10,13,7,0.6153846153846154,0.6956521739130435,0.6530612244897959,Addition
