,Network,Method,NumOfData,CorRate,WroRate,Repeat,SHD,Adj_Tp,Adj_Fp,Adj_Tn,Adj_Fn,Prec,Rec,F1,Con_Tp,Con_Fp,Con_Tn,Con_Fn,Con_Prec,Con_Rec,Con_F1,type
0,ALARM,UpCM,100,0.2,1,-2441.955727737055,41,8,11,1275,38,0.42105263157894735,0.17391304347826086,0.24615384615384617,1,0,9,8,1.0,0.1111111111111111,0.19999999999999998,Addition
