,Network,Method,NumOfData,CorRate,WroRate,Repeat,SHD,Adj_Tp,Adj_Fp,Adj_Tn,Adj_Fn,Prec,Rec,F1,Con_Tp,Con_Fp,Con_Tn,Con_Fn,Con_Prec,Con_Rec,Con_F1,type
0,ALARM,UpCM,100,0.2,1,-2302.23930855751,41,14,17,1269,32,0.45161290322580644,0.30434782608695654,0.3636363636363636,8,6,3,1,0.5714285714285714,0.8888888888888888,0.6956521739130435,Addition
