,Network,Method,NumOfData,CorRate,WroRate,Repeat,SHD,Adj_Tp,Adj_Fp,Adj_Tn,Adj_Fn,Prec,Rec,F1,Con_Tp,Con_Fp,Con_Tn,Con_Fn,Con_Prec,Con_Rec,Con_F1,type
0,DIARRHOEA,UpCM,100,0.2,1,-2277.2849113005204,65,14,17,671,54,0.45161290322580644,0.20588235294117646,0.2828282828282828,9,8,6,5,0.5294117647058824,0.6428571428571429,0.5806451612903226,Addition
