,Network,Method,NumOfData,CorRate,WroRate,Repeat,SHD,Adj_Tp,Adj_Fp,Adj_Tn,Adj_Fn,Prec,Rec,F1,Con_Tp,Con_Fp,Con_Tn,Con_Fn,Con_Prec,Con_Rec,Con_F1,type
0,DIARRHOEA,UpCM,100,0.2,1,-2215.3415225697363,62,13,17,671,55,0.43333333333333335,0.19117647058823528,0.2653061224489796,10,5,9,4,0.6666666666666666,0.7142857142857143,0.689655172413793,Addition
