,Network,Method,NumOfData,CorRate,WroRate,Repeat,SHD,Adj_Tp,Adj_Fp,Adj_Tn,Adj_Fn,Prec,Rec,F1,Con_Tp,Con_Fp,Con_Tn,Con_Fn,Con_Prec,Con_Rec,Con_F1
0,DIARRHOEA,MOEAD_CD,200,0.2,1,7,55,13,6,682,55,0.6842105263157895,0.19117647058823528,0.29885057471264365,2,0,14,12,1.0,0.14285714285714285,0.25
1,DIARRHOEA,pc,200,0.2,1,7,57,11,6,682,57,0.6470588235294118,0.16176470588235295,0.25882352941176473,1,0,14,13,1.0,0.07142857142857142,0.13333333333333333
2,DIARRHOEA,pc_con,200,0.2,1,7,57,11,6,682,57,0.6470588235294118,0.16176470588235295,0.25882352941176473,1,0,14,13,1.0,0.07142857142857142,0.13333333333333333
