,Network,Method,NumOfData,CorRate,WroRate,Repeat,SHD,Adj_Tp,Adj_Fp,Adj_Tn,Adj_Fn,Prec,Rec,F1,Con_Tp,Con_Fp,Con_Tn,Con_Fn,Con_Prec,Con_Rec,Con_F1
0,DIARRHOEA,MOEAD_CD,200,0.2,1,0,59,9,5,683,59,0.6428571428571429,0.1323529411764706,0.21951219512195122,3,0,14,11,1.0,0.21428571428571427,0.35294117647058826
1,DIARRHOEA,pc,200,0.2,1,0,61,7,5,683,61,0.5833333333333334,0.10294117647058823,0.17500000000000002,1,0,14,13,1.0,0.07142857142857142,0.13333333333333333
2,DIARRHOEA,pc_con,200,0.2,1,0,61,7,5,683,61,0.5833333333333334,0.10294117647058823,0.17500000000000002,1,0,14,13,1.0,0.07142857142857142,0.13333333333333333
