,Network,Method,NumOfData,CorRate,WroRate,Repeat,SHD,Adj_Tp,Adj_Fp,Adj_Tn,Adj_Fn,Prec,Rec,F1,Con_Tp,Con_Fp,Con_Tn,Con_Fn,Con_Prec,Con_Rec,Con_F1
0,DIARRHOEA,MOEAD_CD,200,0.2,1,1,59,10,11,677,58,0.47619047619047616,0.14705882352941177,0.2247191011235955,3,1,13,11,0.75,0.21428571428571427,0.3333333333333333
1,DIARRHOEA,pc,200,0.2,1,1,59,9,9,679,59,0.5,0.1323529411764706,0.20930232558139536,2,0,14,12,1.0,0.14285714285714285,0.25
2,DIARRHOEA,pc_con,200,0.2,1,1,59,9,9,679,59,0.5,0.1323529411764706,0.20930232558139536,2,0,14,12,1.0,0.14285714285714285,0.25
