,Network,Method,NumOfData,CorRate,WroRate,Repeat,SHD,Adj_Tp,Adj_Fp,Adj_Tn,Adj_Fn,Prec,Rec,F1,Con_Tp,Con_Fp,Con_Tn,Con_Fn,Con_Prec,Con_Rec,Con_F1
0,DIARRHOEA,MOEAD_CD,200,0.2,1,6,60,9,11,677,59,0.45,0.1323529411764706,0.20454545454545453,5,1,13,9,0.8333333333333334,0.35714285714285715,0.5
1,DIARRHOEA,pc,200,0.2,1,6,63,6,12,676,62,0.3333333333333333,0.08823529411764706,0.13953488372093023,0,1,13,14,0.0,0.0,0.0
2,DIARRHOEA,pc_con,200,0.2,1,6,63,6,12,676,62,0.3333333333333333,0.08823529411764706,0.13953488372093023,0,1,13,14,0.0,0.0,0.0
