,Network,Method,NumOfData,CorRate,WroRate,Repeat,SHD,Adj_Tp,Adj_Fp,Adj_Tn,Adj_Fn,Prec,Rec,F1,Con_Tp,Con_Fp,Con_Tn,Con_Fn,Con_Prec,Con_Rec,Con_F1
0,DIARRHOEA,MOEAD_CD,200,0.2,1,8,59,12,5,683,56,0.7058823529411765,0.17647058823529413,0.2823529411764706,6,0,14,8,1.0,0.42857142857142855,0.6
1,DIARRHOEA,pc,200,0.2,1,8,65,6,9,679,62,0.4,0.08823529411764706,0.14457831325301207,1,1,13,13,0.5,0.07142857142857142,0.125
2,DIARRHOEA,pc_con,200,0.2,1,8,65,6,9,679,62,0.4,0.08823529411764706,0.14457831325301207,1,1,13,13,0.5,0.07142857142857142,0.125
