,Network,Method,NumOfData,CorRate,WroRate,Repeat,SHD,Adj_Tp,Adj_Fp,Adj_Tn,Adj_Fn,Prec,Rec,F1,Con_Tp,Con_Fp,Con_Tn,Con_Fn,Con_Prec,Con_Rec,Con_F1
0,DIARRHOEA,MOEAD_CD,200,0.2,1,9,62,9,7,681,59,0.5625,0.1323529411764706,0.2142857142857143,1,1,13,13,0.5,0.07142857142857142,0.125
1,DIARRHOEA,pc,200,0.2,1,9,64,6,8,680,62,0.42857142857142855,0.08823529411764706,0.14634146341463417,0,0,14,14,0.0,0.0,0.0
2,DIARRHOEA,pc_con,200,0.2,1,9,64,6,8,680,62,0.42857142857142855,0.08823529411764706,0.14634146341463417,0,0,14,14,0.0,0.0,0.0
