,Network,Method,NumOfData,CorRate,WroRate,Repeat,SHD,Adj_Tp,Adj_Fp,Adj_Tn,Adj_Fn,Prec,Rec,F1,Con_Tp,Con_Fp,Con_Tn,Con_Fn,Con_Prec,Con_Rec,Con_F1
0,DIARRHOEA,MOEAD_CD,200,0.2,1,3,61,9,10,678,59,0.47368421052631576,0.1323529411764706,0.20689655172413793,5,0,14,9,1.0,0.35714285714285715,0.5263157894736842
1,DIARRHOEA,pc,200,0.2,1,3,63,7,10,678,61,0.4117647058823529,0.10294117647058823,0.16470588235294117,3,0,14,11,1.0,0.21428571428571427,0.35294117647058826
2,DIARRHOEA,pc_con,200,0.2,1,3,63,7,10,678,61,0.4117647058823529,0.10294117647058823,0.16470588235294117,3,0,14,11,1.0,0.21428571428571427,0.35294117647058826
