,Network,Method,NumOfData,CorRate,WroRate,Repeat,SHD,Adj_Tp,Adj_Fp,Adj_Tn,Adj_Fn,Prec,Rec,F1,Con_Tp,Con_Fp,Con_Tn,Con_Fn,Con_Prec,Con_Rec,Con_F1,type,Main_time,PDAG2DAG_Time,N_evaluations
0,DIARRHOEA,UpCM,100,0.2,1,-2263.476238778204,57,17,11,677,51,0.6071428571428571,0.25,0.3541666666666667,10,6,8,4,0.625,0.7142857142857143,0.6666666666666666,Normal,51.466376066207886,6.804927110671997,1000
1,DIARRHOEA,pc_con,100,0.2,1,-2268.4494397995145,60,8,6,682,60,0.5714285714285714,0.11764705882352941,0.1951219512195122,3,0,14,11,1.0,0.21428571428571427,0.35294117647058826,,0.1632094383239746,,
