,Network,Method,NumOfData,CorRate,WroRate,Repeat,SHD,Adj_Tp,Adj_Fp,Adj_Tn,Adj_Fn,Prec,Rec,F1,Con_Tp,Con_Fp,Con_Tn,Con_Fn,Con_Prec,Con_Rec,Con_F1,type,Main_time,PDAG2DAG_Time,N_evaluations
0,DIARRHOEA,UpCM,100,0.2,1,-2297.455243920582,65,13,13,675,55,0.5,0.19117647058823528,0.2765957446808511,10,8,6,4,0.5555555555555556,0.7142857142857143,0.6250000000000001,Normal,58.25857663154602,7.106319189071655,1000
1,DIARRHOEA,pc_con,100,0.2,1,-2311.692452012412,65,5,7,681,63,0.4166666666666667,0.07352941176470588,0.125,3,0,14,11,1.0,0.21428571428571427,0.35294117647058826,,0.144561767578125,,
