,Network,Method,NumOfData,CorRate,WroRate,Repeat,SHD,Adj_Tp,Adj_Fp,Adj_Tn,Adj_Fn,Prec,Rec,F1,Con_Tp,Con_Fp,Con_Tn,Con_Fn,Con_Prec,Con_Rec,Con_F1,type,Main_time,PDAG2DAG_Time,N_evaluations
0,DIARRHOEA,UpCM,100,0.2,1,-2298.9676747663907,64,12,17,671,56,0.41379310344827586,0.17647058823529413,0.24742268041237114,11,7,7,3,0.6111111111111112,0.7857142857142857,0.6875000000000001,Normal,53.55148267745972,6.663792610168457,1000
1,DIARRHOEA,pc_con,100,0.2,1,-2311.942411893864,69,2,10,678,66,0.16666666666666666,0.029411764705882353,0.05,0,1,13,14,0.0,0.0,0.0,,0.24586224555969238,,
