,Network,Method,NumOfData,CorRate,WroRate,Repeat,SHD,Adj_Tp,Adj_Fp,Adj_Tn,Adj_Fn,Prec,Rec,F1,Con_Tp,Con_Fp,Con_Tn,Con_Fn,Con_Prec,Con_Rec,Con_F1,type,Main_time,PDAG2DAG_Time,N_evaluations
0,DIARRHOEA,UpCM,100,0.2,1,-2311.124217649666,60,15,14,674,53,0.5172413793103449,0.22058823529411764,0.30927835051546393,11,6,8,3,0.6470588235294118,0.7857142857142857,0.7096774193548386,Normal,53.61351013183594,7.059636116027832,1000
1,DIARRHOEA,pc_con,100,0.2,1,-2322.7042917185336,64,5,7,681,63,0.4166666666666667,0.07352941176470588,0.125,1,2,12,13,0.3333333333333333,0.07142857142857142,0.11764705882352941,,0.13801264762878418,,
