,Network,Method,NumOfData,CorRate,WroRate,Repeat,SHD,Adj_Tp,Adj_Fp,Adj_Tn,Adj_Fn,Prec,Rec,F1,Con_Tp,Con_Fp,Con_Tn,Con_Fn,Con_Prec,Con_Rec,Con_F1,type,Main_time,PDAG2DAG_Time,N_evaluations
0,DIARRHOEA,UpCM,100,0.2,1,-2237.482908507596,65,13,18,670,55,0.41935483870967744,0.19117647058823528,0.2626262626262626,10,8,6,4,0.5555555555555556,0.7142857142857143,0.6250000000000001,Normal,51.682775020599365,6.236909627914429,1000
1,DIARRHOEA,pc_con,100,0.2,1,-2240.6879944162188,65,5,12,676,63,0.29411764705882354,0.07352941176470588,0.11764705882352941,2,0,14,12,1.0,0.14285714285714285,0.25,,0.19633817672729492,,
