,Network,Method,NumOfData,CorRate,WroRate,Repeat,SHD,Adj_Tp,Adj_Fp,Adj_Tn,Adj_Fn,Prec,Rec,F1,Con_Tp,Con_Fp,Con_Tn,Con_Fn,Con_Prec,Con_Rec,Con_F1,type,Main_time,PDAG2DAG_Time,N_evaluations
0,DIARRHOEA,UpCM,100,0.2,1,-2238.9722807997337,61,14,14,674,54,0.5,0.20588235294117646,0.2916666666666667,8,11,3,6,0.42105263157894735,0.5714285714285714,0.48484848484848486,Normal,57.04578351974487,7.6795973777771,1000
1,DIARRHOEA,pc_con,100,0.2,1,-2240.9030179692422,65,4,8,680,64,0.3333333333333333,0.058823529411764705,0.1,1,1,13,13,0.5,0.07142857142857142,0.125,,0.1855182647705078,,
