,Network,Method,NumOfData,CorRate,WroRate,Repeat,SHD,Adj_Tp,Adj_Fp,Adj_Tn,Adj_Fn,Prec,Rec,F1,Con_Tp,Con_Fp,Con_Tn,Con_Fn,Con_Prec,Con_Rec,Con_F1,type,Main_time,PDAG2DAG_Time,N_evaluations
0,DIARRHOEA,UpCM,100,0.2,1,-2278.381222255377,63,14,17,671,54,0.45161290322580644,0.20588235294117646,0.2828282828282828,9,7,7,5,0.5625,0.6428571428571429,0.6000000000000001,Normal,52.725221157073975,7.0389087200164795,1000
1,DIARRHOEA,pc_con,100,0.2,1,-2302.193324857273,64,7,7,681,61,0.5,0.10294117647058823,0.17073170731707318,1,0,14,13,1.0,0.07142857142857142,0.13333333333333333,,0.1629931926727295,,
