,Network,Method,NumOfData,CorRate,WroRate,Repeat,SHD,Adj_Tp,Adj_Fp,Adj_Tn,Adj_Fn,Prec,Rec,F1,Con_Tp,Con_Fp,Con_Tn,Con_Fn,Con_Prec,Con_Rec,Con_F1,type,Main_time,PDAG2DAG_Time,N_evaluations
0,DIARRHOEA,UpCM,100,0.2,1,-2298.7000380495306,58,15,14,674,53,0.5172413793103449,0.22058823529411764,0.30927835051546393,11,4,10,3,0.7333333333333333,0.7857142857142857,0.7586206896551724,Normal,51.72761678695679,5.70742392539978,1000
1,DIARRHOEA,pc_con,100,0.2,1,-2321.092954510103,65,3,8,680,65,0.2727272727272727,0.04411764705882353,0.0759493670886076,1,0,14,13,1.0,0.07142857142857142,0.13333333333333333,,0.17955350875854492,,
