,Network,Method,NumOfData,CorRate,WroRate,Repeat,SHD,Adj_Tp,Adj_Fp,Adj_Tn,Adj_Fn,Prec,Rec,F1,Con_Tp,Con_Fp,Con_Tn,Con_Fn,Con_Prec,Con_Rec,Con_F1,type,Main_time,PDAG2DAG_Time,N_evaluations
0,DIARRHOEA,UpCM,100,0.2,1,-2283.516760369848,66,11,17,671,57,0.39285714285714285,0.16176470588235295,0.22916666666666663,11,6,8,3,0.6470588235294118,0.7857142857142857,0.7096774193548386,Normal,53.53874325752258,6.209214687347412,1000
1,DIARRHOEA,pc_con,100,0.2,1,-2304.388273306326,65,3,6,682,65,0.3333333333333333,0.04411764705882353,0.07792207792207792,0,0,14,14,0.0,0.0,0.0,,0.17000055313110352,,
