,Network,Method,NumOfData,CorRate,WroRate,Repeat,SHD,Adj_Tp,Adj_Fp,Adj_Tn,Adj_Fn,Prec,Rec,F1,Con_Tp,Con_Fp,Con_Tn,Con_Fn,Con_Prec,Con_Rec,Con_F1,type,Main_time,PDAG2DAG_Time,N_evaluations
0,DIARRHOEA,UpCM,100,0.2,1,-2278.847502281357,64,14,13,675,54,0.5185185185185185,0.20588235294117646,0.29473684210526313,8,8,6,6,0.5,0.5714285714285714,0.5333333333333333,Normal,55.85215497016907,7.202043056488037,1000
1,DIARRHOEA,pc_con,100,0.2,1,-2296.2116336792124,64,7,6,682,61,0.5384615384615384,0.10294117647058823,0.17283950617283952,2,0,14,12,1.0,0.14285714285714285,0.25,,0.1498856544494629,,
