,Network,Method,NumOfData,CorRate,WroRate,Repeat,SHD,Adj_Tp,Adj_Fp,Adj_Tn,Adj_Fn,Prec,Rec,F1,Con_Tp,Con_Fp,Con_Tn,Con_Fn,Con_Prec,Con_Rec,Con_F1score,avgnmi,parametername,parametervalue,Con_F1,score
0,DIARRHOEA,UpCM0,,,,,61,12,6,682,56,0.6666666666666666,0.17647058823529413,0.27906976744186046,9,3,11,5,0.75,0.6428571428571429,,0.12454440840580408,NumofEvaluation,500,0.6923076923076924,-2308.6170739527047
1,DIARRHOEA,UpCM1,,,,,68,7,11,677,61,0.3888888888888889,0.10294117647058823,0.1627906976744186,5,5,9,9,0.5,0.35714285714285715,,0.11679293170448654,NumofEvaluation,500,0.41666666666666663,-2304.394437589289
2,DIARRHOEA,UpCM2,,,,,61,14,9,679,54,0.6086956521739131,0.20588235294117646,0.3076923076923077,11,5,9,3,0.6875,0.7857142857142857,,0.09904610252909236,NumofEvaluation,500,0.7333333333333334,-2299.690318426515
3,DIARRHOEA,UpCM3,,,,,60,16,9,679,52,0.64,0.23529411764705882,0.34408602150537637,13,6,8,1,0.6842105263157895,0.9285714285714286,,0.09598267427635077,NumofEvaluation,500,0.7878787878787878,-2298.3175450372464
4,DIARRHOEA,UpCM4,,,,,63,14,11,677,54,0.56,0.20588235294117646,0.3010752688172043,11,7,7,3,0.6111111111111112,0.7857142857142857,,0.08465883737078649,NumofEvaluation,500,0.6875000000000001,-2295.931778538835
5,DIARRHOEA,UpCM5,,,,,62,14,10,678,54,0.5833333333333334,0.20588235294117646,0.3043478260869565,11,6,8,3,0.6470588235294118,0.7857142857142857,,0.08923031678940423,NumofEvaluation,500,0.7096774193548386,-2295.9800089582363
6,DIARRHOEA,UpCM6,,,,,63,13,10,678,55,0.5652173913043478,0.19117647058823528,0.2857142857142857,10,6,8,4,0.625,0.7142857142857143,,0.09192614684726104,NumofEvaluation,500,0.6666666666666666,-2296.038096417904
7,DIARRHOEA,UpCM7,,,,,61,14,9,679,54,0.6086956521739131,0.20588235294117646,0.3076923076923077,11,5,9,3,0.6875,0.7857142857142857,,0.09380201633746052,NumofEvaluation,500,0.7333333333333334,-2296.4918979327476
