,Network,Method,NumOfData,CorRate,WroRate,Repeat,SHD,Adj_Tp,Adj_Fp,Adj_Tn,Adj_Fn,Prec,Rec,F1,Con_Tp,Con_Fp,Con_Tn,Con_Fn,Con_Prec,Con_Rec,Con_F1score,avgnmi,parametername,parametervalue,Con_F1,score
0,DIARRHOEA,UpCM0,,,,,67,8,11,677,60,0.42105263157894735,0.11764705882352941,0.1839080459770115,7,5,9,7,0.5833333333333334,0.5,,0.11928000219053404,NumofEvaluation,10,0.5384615384615384,-2310.29297053224
1,DIARRHOEA,UpCM1,,,,,62,10,8,680,58,0.5555555555555556,0.14705882352941177,0.23255813953488372,8,2,12,6,0.8,0.5714285714285714,,0.11693357159337432,NumofEvaluation,10,0.6666666666666666,-2307.7871339664175
2,DIARRHOEA,UpCM2,,,,,65,9,10,678,59,0.47368421052631576,0.1323529411764706,0.20689655172413793,7,4,10,7,0.6363636363636364,0.5,,0.11076618678931505,NumofEvaluation,10,0.56,-2304.5233925635325
3,DIARRHOEA,UpCM3,,,,,65,9,10,678,59,0.47368421052631576,0.1323529411764706,0.20689655172413793,7,4,10,7,0.6363636363636364,0.5,,0.10725877245484063,NumofEvaluation,10,0.56,-2302.2682902513397
4,DIARRHOEA,UpCM4,,,,,62,12,8,680,56,0.6,0.17647058823529413,0.2727272727272727,9,4,10,5,0.6923076923076923,0.6428571428571429,,0.10988215046323581,NumofEvaluation,10,0.6666666666666666,-2302.980076823128
5,DIARRHOEA,UpCM5,,,,,61,14,8,680,54,0.6363636363636364,0.20588235294117646,0.3111111111111111,11,5,9,3,0.6875,0.7857142857142857,,0.10635180911540677,NumofEvaluation,10,0.7333333333333334,-2299.6387246232816
6,DIARRHOEA,UpCM6,,,,,60,15,8,680,53,0.6521739130434783,0.22058823529411764,0.32967032967032966,12,5,9,2,0.7058823529411765,0.8571428571428571,,0.10354391474824186,NumofEvaluation,10,0.7741935483870968,-2298.5477629808547
