,Network,Method,NumOfData,CorRate,WroRate,Repeat,SHD,Adj_Tp,Adj_Fp,Adj_Tn,Adj_Fn,Prec,Rec,F1,Con_Tp,Con_Fp,Con_Tn,Con_Fn,Con_Prec,Con_Rec,Con_F1score,avgnmi,parametername,parametervalue,Con_F1,score
0,DIARRHOEA,UpCM0,,,,,65,9,9,679,59,0.5,0.1323529411764706,0.20930232558139536,6,4,10,8,0.6,0.42857142857142855,,0.11400926227429377,NumofEvaluation,100,0.5,-2303.9778255118463
1,DIARRHOEA,UpCM1,,,,,63,12,10,678,56,0.5454545454545454,0.17647058823529413,0.26666666666666666,9,5,9,5,0.6428571428571429,0.6428571428571429,,0.10846965740100824,NumofEvaluation,100,0.6428571428571429,-2300.5700753009937
2,DIARRHOEA,UpCM2,,,,,64,11,10,678,57,0.5238095238095238,0.16176470588235295,0.24719101123595508,8,5,9,6,0.6153846153846154,0.5714285714285714,,0.11050287019494354,NumofEvaluation,100,0.5925925925925927,-2302.330178260514
3,DIARRHOEA,UpCM3,,,,,61,15,9,679,53,0.625,0.22058823529411764,0.32608695652173914,12,6,8,2,0.6666666666666666,0.8571428571428571,,0.09334180981497554,NumofEvaluation,100,0.75,-2298.2862997262037
4,DIARRHOEA,UpCM4,,,,,63,12,9,679,56,0.5714285714285714,0.17647058823529413,0.2696629213483146,9,5,9,5,0.6428571428571429,0.6428571428571429,,0.0982979227804109,NumofEvaluation,100,0.6428571428571429,-2300.2856257654344
