,Network,Method,NumOfData,CorRate,WroRate,Repeat,SHD,Adj_Tp,Adj_Fp,Adj_Tn,Adj_Fn,Prec,Rec,F1,Con_Tp,Con_Fp,Con_Tn,Con_Fn,Con_Prec,Con_Rec,Con_F1
0,FORMED,MOEAD_CD,50,0.2,1,2,122,19,18,7500,119,0.5135135135135135,0.13768115942028986,0.21714285714285714,6,0,28,22,1.0,0.21428571428571427,0.35294117647058826
1,FORMED,pc,50,0.2,1,2,124,17,18,7500,121,0.4857142857142857,0.12318840579710146,0.19653179190751444,6,0,28,22,1.0,0.21428571428571427,0.35294117647058826
2,FORMED,pc_con,50,0.2,1,2,124,17,18,7500,121,0.4857142857142857,0.12318840579710146,0.19653179190751444,6,0,28,22,1.0,0.21428571428571427,0.35294117647058826
