,Network,Method,NumOfData,CorRate,WroRate,Repeat,SHD,Adj_Tp,Adj_Fp,Adj_Tn,Adj_Fn,Prec,Rec,F1,Con_Tp,Con_Fp,Con_Tn,Con_Fn,Con_Prec,Con_Rec,Con_F1
0,DIARRHOEA,pcMy,100,0.2,1,-2254.2517242605927,60,12,12,676,56,0.5,0.17647058823529413,0.2608695652173913,8,4,10,6,0.6666666666666666,0.5714285714285714,0.6153846153846153
1,DIARRHOEA,pc_con,100,0.2,1,-2268.4494397995145,60,8,6,682,60,0.5714285714285714,0.11764705882352941,0.1951219512195122,3,0,14,11,1.0,0.21428571428571427,0.35294117647058826
2,DIARRHOEA,ges_con,100,0.2,1,-2333.465571827589,64,4,2,686,64,0.6666666666666666,0.058823529411764705,0.10810810810810811,3,2,12,11,0.6,0.21428571428571427,0.3157894736842105
3,DIARRHOEA,mahc_con,100,0.2,1,-2272.5759968897523,59,12,8,680,56,0.6,0.17647058823529413,0.2727272727272727,4,1,13,10,0.8,0.2857142857142857,0.4210526315789473
4,DIARRHOEA,SaiyanH_con,100,0.2,1,-inf,66,22,23,665,46,0.4888888888888889,0.3235294117647059,0.3893805309734513,13,9,5,1,0.5909090909090909,0.9285714285714286,0.7222222222222223
