,Network,Method,NumOfData,CorRate,WroRate,Repeat,SHD,Adj_Tp,Adj_Fp,Adj_Tn,Adj_Fn,Prec,Rec,F1,Con_Tp,Con_Fp,Con_Tn,Con_Fn,Con_Prec,Con_Rec,Con_F1
0,DIARRHOEA,pcMy,100,0.2,2,-2292.1568587540105,61,14,10,678,54,0.5833333333333334,0.20588235294117646,0.3043478260869565,7,8,20,7,0.4666666666666667,0.5,0.4827586206896552
1,DIARRHOEA,pc_con,100,0.2,2,-2314.750629512598,64,5,6,682,63,0.45454545454545453,0.07352941176470588,0.12658227848101267,1,1,27,13,0.5,0.07142857142857142,0.125
2,DIARRHOEA,ges_con,100,0.2,2,-2357.0763210911377,65,3,3,685,65,0.5,0.04411764705882353,0.0810810810810811,2,3,25,12,0.4,0.14285714285714285,0.21052631578947364
3,DIARRHOEA,mahc_con,100,0.2,2,-2312.6301325330464,66,7,9,679,61,0.4375,0.10294117647058823,0.16666666666666669,2,2,26,12,0.5,0.14285714285714285,0.22222222222222224
4,DIARRHOEA,SaiyanH_con,100,0.2,2,-inf,82,16,41,647,52,0.2807017543859649,0.23529411764705882,0.25599999999999995,14,25,3,0,0.358974358974359,1.0,0.5283018867924528
