,Network,Method,NumOfData,CorRate,WroRate,Repeat,SHD,Adj_Tp,Adj_Fp,Adj_Tn,Adj_Fn,Prec,Rec,F1,Con_Tp,Con_Fp,Con_Tn,Con_Fn,Con_Prec,Con_Rec,Con_F1
0,DIARRHOEA,pcMy,30,0.2,1,-685.2355676229444,66,9,12,676,59,0.42857142857142855,0.1323529411764706,0.20224719101123595,9,7,7,5,0.5625,0.6428571428571429,0.6000000000000001
1,DIARRHOEA,pc_con,30,0.2,1,-689.6849701599916,66,3,4,684,65,0.42857142857142855,0.04411764705882353,0.08,3,0,14,11,1.0,0.21428571428571427,0.35294117647058826
2,DIARRHOEA,ges_con,30,0.2,1,-693.9552471932706,65,5,2,686,63,0.7142857142857143,0.07352941176470588,0.13333333333333333,5,1,13,9,0.8333333333333334,0.35714285714285715,0.5
3,DIARRHOEA,mahc_con,30,0.2,1,-675.2514785952777,72,6,15,673,62,0.2857142857142857,0.08823529411764706,0.1348314606741573,4,1,13,10,0.8,0.2857142857142857,0.4210526315789473
4,DIARRHOEA,SaiyanH_con,30,0.2,1,-inf,79,18,34,654,50,0.34615384615384615,0.2647058823529412,0.29999999999999993,12,13,1,2,0.48,0.8571428571428571,0.6153846153846153
