,Network,Method,NumOfData,CorRate,WroRate,Repeat,SHD,Adj_Tp,Adj_Fp,Adj_Tn,Adj_Fn,Prec,Rec,F1,Con_Tp,Con_Fp,Con_Tn,Con_Fn,Con_Prec,Con_Rec,Con_F1
0,DIARRHOEA,pcMy,50,0.2,1,-1141.1708654669803,62,10,8,680,58,0.5555555555555556,0.14705882352941177,0.23255813953488372,9,3,11,5,0.75,0.6428571428571429,0.6923076923076924
1,DIARRHOEA,pc_con,50,0.2,1,-1150.7074187206879,67,3,5,683,65,0.375,0.04411764705882353,0.07894736842105263,2,1,13,12,0.6666666666666666,0.14285714285714285,0.23529411764705882
2,DIARRHOEA,ges_con,50,0.2,1,-1162.2348700833738,64,5,3,685,63,0.625,0.07352941176470588,0.13157894736842107,4,3,11,10,0.5714285714285714,0.2857142857142857,0.38095238095238093
3,DIARRHOEA,mahc_con,50,0.2,1,-1139.3702318220596,67,7,10,678,61,0.4117647058823529,0.10294117647058823,0.16470588235294117,4,3,11,10,0.5714285714285714,0.2857142857142857,0.38095238095238093
4,DIARRHOEA,SaiyanH_con,50,0.2,1,-1144.5275283479273,80,16,32,656,52,0.3333333333333333,0.23529411764705882,0.27586206896551724,11,14,0,3,0.44,0.7857142857142857,0.5641025641025641
