,Network,Method,NumOfData,CorRate,WroRate,Repeat,SHD,Adj_Tp,Adj_Fp,Adj_Tn,Adj_Fn,Prec,Rec,F1,Con_Tp,Con_Fp,Con_Tn,Con_Fn,Con_Prec,Con_Rec,Con_F1
0,DIARRHOEA,pcMy,50,0.2,1,-1129.9226414688396,63,11,10,678,57,0.5238095238095238,0.16176470588235295,0.24719101123595508,8,5,9,6,0.6153846153846154,0.5714285714285714,0.5925925925925927
1,DIARRHOEA,pc_con,50,0.2,1,-1138.3982097107287,67,4,5,683,64,0.4444444444444444,0.058823529411764705,0.10389610389610389,1,0,14,13,1.0,0.07142857142857142,0.13333333333333333
2,DIARRHOEA,ges_con,50,0.2,1,-1151.695379462521,65,3,2,686,65,0.6,0.04411764705882353,0.08219178082191782,3,1,13,11,0.75,0.21428571428571427,0.3333333333333333
3,DIARRHOEA,mahc_con,50,0.2,1,-1137.1605287420575,72,4,13,675,64,0.23529411764705882,0.058823529411764705,0.09411764705882353,2,0,14,12,1.0,0.14285714285714285,0.25
4,DIARRHOEA,SaiyanH_con,50,0.2,1,-1144.4319558455118,86,13,37,651,55,0.26,0.19117647058823528,0.22033898305084745,12,10,4,2,0.5454545454545454,0.8571428571428571,0.6666666666666665
