,Network,Method,NumOfData,CorRate,WroRate,Repeat,SHD,Adj_Tp,Adj_Fp,Adj_Tn,Adj_Fn,Prec,Rec,F1,Con_Tp,Con_Fp,Con_Tn,Con_Fn,Con_Prec,Con_Rec,Con_F1
0,DIARRHOEA,pcMy,50,0.2,1,-1149.8634960060544,62,11,8,680,57,0.5789473684210527,0.16176470588235295,0.25287356321839083,9,5,9,5,0.6428571428571429,0.6428571428571429,0.6428571428571429
1,DIARRHOEA,pc_con,50,0.2,1,-1163.8877808918078,68,2,4,684,66,0.3333333333333333,0.029411764705882353,0.05405405405405406,1,0,14,13,1.0,0.07142857142857142,0.13333333333333333
2,DIARRHOEA,ges_con,50,0.2,1,-1169.32820378519,63,5,1,687,63,0.8333333333333334,0.07352941176470588,0.13513513513513514,4,1,13,10,0.8,0.2857142857142857,0.4210526315789473
3,DIARRHOEA,mahc_con,50,0.2,1,-1149.5184794238603,68,7,11,677,61,0.3888888888888889,0.10294117647058823,0.1627906976744186,4,1,13,10,0.8,0.2857142857142857,0.4210526315789473
4,DIARRHOEA,SaiyanH_con,50,0.2,1,-inf,81,17,37,651,51,0.3148148148148148,0.25,0.2786885245901639,12,13,1,2,0.48,0.8571428571428571,0.6153846153846153
