,Network,Method,NumOfData,CorRate,WroRate,Repeat,SHD,Adj_Tp,Adj_Fp,Adj_Tn,Adj_Fn,Prec,Rec,F1,Con_Tp,Con_Fp,Con_Tn,Con_Fn,Con_Prec,Con_Rec,Con_F1
0,DIARRHOEA,pcMy,200,0.2,1,-4493.336009917855,57,18,17,671,50,0.5142857142857142,0.2647058823529412,0.34951456310679613,9,10,4,5,0.47368421052631576,0.6428571428571429,0.5454545454545454
1,DIARRHOEA,pc_con,200,0.2,1,-4535.00940639493,60,10,10,678,58,0.5,0.14705882352941177,0.22727272727272727,3,0,14,11,1.0,0.21428571428571427,0.35294117647058826
2,DIARRHOEA,ges_con,200,0.2,1,-4659.80256484319,62,8,2,686,60,0.8,0.11764705882352941,0.20512820512820512,7,2,12,7,0.7777777777777778,0.5,0.6086956521739131
3,DIARRHOEA,mahc_con,200,0.2,1,-4531.170600351093,60,14,10,678,54,0.5833333333333334,0.20588235294117646,0.3043478260869565,4,2,12,10,0.6666666666666666,0.2857142857142857,0.4
4,DIARRHOEA,SaiyanH_con,200,0.2,1,-4530.429676023157,68,16,26,662,52,0.38095238095238093,0.23529411764705882,0.29090909090909084,9,9,5,5,0.5,0.6428571428571429,0.5625000000000001
