,Network,Method,NumOfData,CorRate,WroRate,Repeat,SHD,Adj_Tp,Adj_Fp,Adj_Tn,Adj_Fn,Prec,Rec,F1,Con_Tp,Con_Fp,Con_Tn,Con_Fn,Con_Prec,Con_Rec,Con_F1
0,DIARRHOEA,pcMy,100,0.5,1,-2285.4916388428833,63,23,26,662,45,0.46938775510204084,0.3382352941176471,0.3931623931623932,22,18,16,12,0.55,0.6470588235294118,0.5945945945945946
1,DIARRHOEA,pc_con,100,0.5,1,-2328.0070561154016,66,3,8,680,65,0.2727272727272727,0.04411764705882353,0.0759493670886076,2,0,34,32,1.0,0.058823529411764705,0.1111111111111111
2,DIARRHOEA,ges_con,100,0.5,1,-2378.596567816589,64,6,2,686,62,0.75,0.08823529411764706,0.15789473684210525,6,1,33,28,0.8571428571428571,0.17647058823529413,0.29268292682926833
3,DIARRHOEA,mahc_con,100,0.5,1,-2317.3776766472897,60,11,7,681,57,0.6111111111111112,0.16176470588235295,0.2558139534883721,4,2,32,30,0.6666666666666666,0.11764705882352941,0.2
4,DIARRHOEA,SaiyanH_con,100,0.5,1,-inf,69,31,40,648,37,0.43661971830985913,0.45588235294117646,0.44604316546762585,30,30,4,4,0.5,0.8823529411764706,0.6382978723404256
