,Network,Method,NumOfData,CorRate,WroRate,Repeat,SHD,Adj_Tp,Adj_Fp,Adj_Tn,Adj_Fn,Prec,Rec,F1,Con_Tp,Con_Fp,Con_Tn,Con_Fn,Con_Prec,Con_Rec,Con_F1
0,DIARRHOEA,pcMy,30,0.2,1,-681.670353634184,61,10,8,680,58,0.5555555555555556,0.14705882352941177,0.23255813953488372,9,3,11,5,0.75,0.6428571428571429,0.6923076923076924
1,DIARRHOEA,pc_con,30,0.2,1,-682.1503669251138,65,3,4,684,65,0.42857142857142855,0.04411764705882353,0.08,1,0,14,13,1.0,0.07142857142857142,0.13333333333333333
2,DIARRHOEA,ges_con,30,0.2,1,-691.8894133583912,65,4,2,686,64,0.6666666666666666,0.058823529411764705,0.10810810810810811,4,1,13,10,0.8,0.2857142857142857,0.4210526315789473
3,DIARRHOEA,mahc_con,30,0.2,1,-678.9189679825167,68,7,10,678,61,0.4117647058823529,0.10294117647058823,0.16470588235294117,5,1,13,9,0.8333333333333334,0.35714285714285715,0.5
4,DIARRHOEA,SaiyanH_con,30,0.2,1,-inf,82,17,37,651,51,0.3148148148148148,0.25,0.2786885245901639,12,13,1,2,0.48,0.8571428571428571,0.6153846153846153
