,Network,Method,NumOfData,CorRate,WroRate,Repeat,SHD,Adj_Tp,Adj_Fp,Adj_Tn,Adj_Fn,Prec,Rec,F1,Con_Tp,Con_Fp,Con_Tn,Con_Fn,Con_Prec,Con_Rec,Con_F1
0,DIARRHOEA,pcMy,30,0.2,1,-704.0927934800266,69,6,10,678,62,0.375,0.08823529411764706,0.14285714285714285,6,6,8,8,0.5,0.42857142857142855,0.4615384615384615
1,DIARRHOEA,pc_con,30,0.2,1,-710.5463690986319,69,1,3,685,67,0.25,0.014705882352941176,0.027777777777777776,0,0,14,14,0.0,0.0,0.0
2,DIARRHOEA,ges_con,30,0.2,1,-712.8795991085289,66,2,2,686,66,0.5,0.029411764705882353,0.05555555555555555,2,1,13,12,0.6666666666666666,0.14285714285714285,0.23529411764705882
3,DIARRHOEA,mahc_con,30,0.2,1,-697.2539872743067,71,4,12,676,64,0.25,0.058823529411764705,0.09523809523809523,1,0,14,13,1.0,0.07142857142857142,0.13333333333333333
4,DIARRHOEA,SaiyanH_con,30,0.2,1,-inf,84,15,37,651,53,0.28846153846153844,0.22058823529411764,0.25,11,13,1,3,0.4583333333333333,0.7857142857142857,0.5789473684210527
