,Network,Method,NumOfData,CorRate,WroRate,Repeat,SHD,Adj_Tp,Adj_Fp,Adj_Tn,Adj_Fn,Prec,Rec,F1,Con_Tp,Con_Fp,Con_Tn,Con_Fn,Con_Prec,Con_Rec,Con_F1
0,DIARRHOEA,pcMy,50,0.2,1,-1142.306585742618,63,11,9,679,57,0.55,0.16176470588235295,0.25000000000000006,8,6,8,6,0.5714285714285714,0.5714285714285714,0.5714285714285714
1,DIARRHOEA,pc_con,50,0.2,1,-1155.812956900719,66,4,3,685,64,0.5714285714285714,0.058823529411764705,0.10666666666666666,1,0,14,13,1.0,0.07142857142857142,0.13333333333333333
2,DIARRHOEA,ges_con,50,0.2,1,-1158.3304653090663,65,3,3,685,65,0.5,0.04411764705882353,0.0810810810810811,3,2,12,11,0.6,0.21428571428571427,0.3157894736842105
3,DIARRHOEA,mahc_con,50,0.2,1,-1136.8668402068304,61,10,7,681,58,0.5882352941176471,0.14705882352941177,0.23529411764705882,3,1,13,11,0.75,0.21428571428571427,0.3333333333333333
4,DIARRHOEA,SaiyanH_con,50,0.2,1,-inf,74,19,32,656,49,0.37254901960784315,0.27941176470588236,0.319327731092437,14,14,0,0,0.5,1.0,0.6666666666666666
