,Network,Method,NumOfData,CorRate,WroRate,Repeat,SHD,Adj_Tp,Adj_Fp,Adj_Tn,Adj_Fn,Prec,Rec,F1,Con_Tp,Con_Fp,Con_Tn,Con_Fn,Con_Prec,Con_Rec,Con_F1
0,DIARRHOEA,pcMy,30,0.2,1,-685.5225264570482,64,10,9,679,58,0.5263157894736842,0.14705882352941177,0.22988505747126434,9,4,10,5,0.6923076923076923,0.6428571428571429,0.6666666666666666
1,DIARRHOEA,pc_con,30,0.2,1,-690.6705249969924,69,1,6,682,67,0.14285714285714285,0.014705882352941176,0.026666666666666665,1,0,14,13,1.0,0.07142857142857142,0.13333333333333333
2,DIARRHOEA,ges_con,30,0.2,1,-703.1469560384301,65,3,1,687,65,0.75,0.04411764705882353,0.08333333333333334,3,0,14,11,1.0,0.21428571428571427,0.35294117647058826
3,DIARRHOEA,mahc_con,30,0.2,1,-682.8817941287348,67,7,10,678,61,0.4117647058823529,0.10294117647058823,0.16470588235294117,3,0,14,11,1.0,0.21428571428571427,0.35294117647058826
4,DIARRHOEA,SaiyanH_con,30,0.2,1,-inf,76,18,31,657,50,0.3673469387755102,0.2647058823529412,0.3076923076923077,13,12,2,1,0.52,0.9285714285714286,0.6666666666666666
