,Network,Method,NumOfData,CorRate,WroRate,Repeat,SHD,Adj_Tp,Adj_Fp,Adj_Tn,Adj_Fn,Prec,Rec,F1,Con_Tp,Con_Fp,Con_Tn,Con_Fn,Con_Prec,Con_Rec,Con_F1
0,DIARRHOEA,pcMy,200,0.2,1,-4592.3997280179765,60,12,13,675,56,0.48,0.17647058823529413,0.25806451612903225,9,4,10,5,0.6923076923076923,0.6428571428571429,0.6666666666666666
1,DIARRHOEA,pc_con,200,0.2,1,-4607.989505487389,60,8,7,681,60,0.5333333333333333,0.11764705882352941,0.19277108433734938,3,0,14,11,1.0,0.21428571428571427,0.35294117647058826
2,DIARRHOEA,ges_con,200,0.2,1,-4687.34913479066,61,7,1,687,61,0.875,0.10294117647058823,0.1842105263157895,7,0,14,7,1.0,0.5,0.6666666666666666
3,DIARRHOEA,mahc_con,200,0.2,1,-4590.684529221093,59,11,9,679,57,0.55,0.16176470588235295,0.25000000000000006,5,0,14,9,1.0,0.35714285714285715,0.5263157894736842
4,DIARRHOEA,SaiyanH_con,200,0.2,1,-4578.441926794278,67,17,29,659,51,0.3695652173913043,0.25,0.2982456140350877,10,10,4,4,0.5,0.7142857142857143,0.588235294117647
