,Network,Method,NumOfData,CorRate,WroRate,Repeat,SHD,Adj_Tp,Adj_Fp,Adj_Tn,Adj_Fn,Prec,Rec,F1,Con_Tp,Con_Fp,Con_Tn,Con_Fn,Con_Prec,Con_Rec,Con_F1
0,DIARRHOEA,pcMy,100,0.2,2,-2207.8697937300353,65,13,19,669,55,0.40625,0.19117647058823528,0.26,11,10,18,3,0.5238095238095238,0.7857142857142857,0.6285714285714286
1,DIARRHOEA,pc_con,100,0.2,2,-2248.0882111711016,66,2,10,678,66,0.16666666666666666,0.029411764705882353,0.05,1,0,28,13,1.0,0.07142857142857142,0.13333333333333333
2,DIARRHOEA,ges_con,100,0.2,2,-2306.26835072546,64,5,1,687,63,0.8333333333333334,0.07352941176470588,0.13513513513513514,4,1,27,10,0.8,0.2857142857142857,0.4210526315789473
3,DIARRHOEA,mahc_con,100,0.2,2,-2244.916353065685,64,9,9,679,59,0.5,0.1323529411764706,0.20930232558139536,4,1,27,10,0.8,0.2857142857142857,0.4210526315789473
4,DIARRHOEA,SaiyanH_con,100,0.2,2,-inf,82,19,39,649,49,0.3275862068965517,0.27941176470588236,0.30158730158730157,13,25,3,1,0.34210526315789475,0.9285714285714286,0.5
