,Network,Method,NumOfData,CorRate,WroRate,Repeat,SHD,Adj_Tp,Adj_Fp,Adj_Tn,Adj_Fn,Prec,Rec,F1,Con_Tp,Con_Fp,Con_Tn,Con_Fn,Con_Prec,Con_Rec,Con_F1
0,DIARRHOEA,pcMy,100,0.2,1,-2301.233390124982,60,13,13,675,55,0.5,0.19117647058823528,0.2765957446808511,11,5,9,3,0.6875,0.7857142857142857,0.7333333333333334
1,DIARRHOEA,pc_con,100,0.2,1,-2321.092954510103,65,3,8,680,65,0.2727272727272727,0.04411764705882353,0.0759493670886076,1,0,14,13,1.0,0.07142857142857142,0.13333333333333333
2,DIARRHOEA,ges_con,100,0.2,1,-2366.315736369153,65,3,1,687,65,0.75,0.04411764705882353,0.08333333333333334,3,0,14,11,1.0,0.21428571428571427,0.35294117647058826
3,DIARRHOEA,mahc_con,100,0.2,1,-2314.8104163992116,63,8,11,677,60,0.42105263157894735,0.11764705882352941,0.1839080459770115,1,0,14,13,1.0,0.07142857142857142,0.13333333333333333
4,DIARRHOEA,SaiyanH_con,100,0.2,1,-inf,69,21,25,663,47,0.45652173913043476,0.3088235294117647,0.3684210526315789,13,11,3,1,0.5416666666666666,0.9285714285714286,0.6842105263157894
