,Network,Method,NumOfData,CorRate,WroRate,Repeat,SHD,Adj_Tp,Adj_Fp,Adj_Tn,Adj_Fn,Prec,Rec,F1,Con_Tp,Con_Fp,Con_Tn,Con_Fn,Con_Prec,Con_Rec,Con_F1
0,DIARRHOEA,pcMy,100,0.1,1,-2281.49622955019,62,8,12,676,60,0.4,0.11764705882352941,0.1818181818181818,6,2,5,1,0.75,0.8571428571428571,0.7999999999999999
1,DIARRHOEA,pc_con,100,0.1,1,-2284.4970150686127,67,1,12,676,67,0.07692307692307693,0.014705882352941176,0.024691358024691357,0,0,7,7,0.0,0.0,0.0
2,DIARRHOEA,ges_con,100,0.1,1,-2346.1267256743163,66,2,1,687,66,0.6666666666666666,0.029411764705882353,0.056338028169014086,2,0,7,5,1.0,0.2857142857142857,0.4444444444444445
3,DIARRHOEA,mahc_con,100,0.1,1,-2282.1742221397208,60,9,7,681,59,0.5625,0.1323529411764706,0.2142857142857143,2,0,7,5,1.0,0.2857142857142857,0.4444444444444445
4,DIARRHOEA,SaiyanH_con,100,0.1,1,-2263.7361311919717,69,17,26,662,51,0.3953488372093023,0.25,0.3063063063063063,5,6,1,2,0.45454545454545453,0.7142857142857143,0.5555555555555556
