,Network,Method,NumOfData,CorRate,WroRate,Repeat,SHD,Adj_Tp,Adj_Fp,Adj_Tn,Adj_Fn,Prec,Rec,F1,Con_Tp,Con_Fp,Con_Tn,Con_Fn,Con_Prec,Con_Rec,Con_F1
0,DIARRHOEA,pcMy,30,0.2,1,-680.5325997449113,64,8,6,682,60,0.5714285714285714,0.11764705882352941,0.1951219512195122,7,4,10,7,0.6363636363636364,0.5,0.56
1,DIARRHOEA,pc_con,30,0.2,1,-689.4297793858221,68,1,2,686,67,0.3333333333333333,0.014705882352941176,0.028169014084507043,0,0,14,14,0.0,0.0,0.0
2,DIARRHOEA,ges_con,30,0.2,1,-685.4903713059449,64,4,1,687,64,0.8,0.058823529411764705,0.1095890410958904,3,1,13,11,0.75,0.21428571428571427,0.3333333333333333
3,DIARRHOEA,mahc_con,30,0.2,1,-657.0513639920043,73,6,14,674,62,0.3,0.08823529411764706,0.13636363636363635,2,1,13,12,0.6666666666666666,0.14285714285714285,0.23529411764705882
4,DIARRHOEA,SaiyanH_con,30,0.2,1,-666.7780643135824,84,13,38,650,55,0.2549019607843137,0.19117647058823528,0.21848739495798317,11,12,2,3,0.4782608695652174,0.7857142857142857,0.5945945945945946
