,Network,Method,NumOfData,CorRate,WroRate,Repeat,SHD,Adj_Tp,Adj_Fp,Adj_Tn,Adj_Fn,Prec,Rec,F1,Con_Tp,Con_Fp,Con_Tn,Con_Fn,Con_Prec,Con_Rec,Con_F1
0,DIARRHOEA,pcMy,30,0.2,1,-669.8771667593852,61,10,8,680,58,0.5555555555555556,0.14705882352941177,0.23255813953488372,8,4,10,6,0.6666666666666666,0.5714285714285714,0.6153846153846153
1,DIARRHOEA,pc_con,30,0.2,1,-675.1485638908681,67,2,6,682,66,0.25,0.029411764705882353,0.05263157894736842,1,1,13,13,0.5,0.07142857142857142,0.125
2,DIARRHOEA,ges_con,30,0.2,1,-691.5486436196076,66,3,2,686,65,0.6,0.04411764705882353,0.08219178082191782,3,2,12,11,0.6,0.21428571428571427,0.3157894736842105
3,DIARRHOEA,mahc_con,30,0.2,1,-668.571939387069,72,4,14,674,64,0.2222222222222222,0.058823529411764705,0.09302325581395347,2,2,12,12,0.5,0.14285714285714285,0.22222222222222224
4,DIARRHOEA,SaiyanH_con,30,0.2,1,-inf,87,16,41,647,52,0.2807017543859649,0.23529411764705882,0.25599999999999995,10,14,0,4,0.4166666666666667,0.7142857142857143,0.5263157894736842
