,Network,Method,NumOfData,CorRate,WroRate,Repeat,SHD,Adj_Tp,Adj_Fp,Adj_Tn,Adj_Fn,Prec,Rec,F1,Con_Tp,Con_Fp,Con_Tn,Con_Fn,Con_Prec,Con_Rec,Con_F1
0,DIARRHOEA,pcMy,100,0.2,2,-2286.935712967181,62,10,9,679,58,0.5263157894736842,0.14705882352941177,0.22988505747126434,8,4,24,6,0.6666666666666666,0.5714285714285714,0.6153846153846153
1,DIARRHOEA,pc_con,100,0.2,2,-2296.8752556431873,65,3,6,682,65,0.3333333333333333,0.04411764705882353,0.07792207792207792,3,0,28,11,1.0,0.21428571428571427,0.35294117647058826
2,DIARRHOEA,ges_con,100,0.2,2,-2333.0232494283205,62,6,0,688,62,1.0,0.08823529411764706,0.1621621621621622,5,0,28,9,1.0,0.35714285714285715,0.5263157894736842
3,DIARRHOEA,mahc_con,100,0.2,2,-2290.9765496910313,64,7,8,680,61,0.4666666666666667,0.10294117647058823,0.1686746987951807,2,0,28,12,1.0,0.14285714285714285,0.25
4,DIARRHOEA,SaiyanH_con,100,0.2,2,-inf,82,17,36,652,51,0.32075471698113206,0.25,0.2809917355371901,13,24,4,1,0.35135135135135137,0.9285714285714286,0.5098039215686275
