,Network,Method,NumOfData,CorRate,WroRate,Repeat,SHD,Adj_Tp,Adj_Fp,Adj_Tn,Adj_Fn,Prec,Rec,F1,Con_Tp,Con_Fp,Con_Tn,Con_Fn,Con_Prec,Con_Rec,Con_F1
0,DIARRHOEA,pcMy,100,0.5,1,-2229.751323575487,51,28,15,673,40,0.6511627906976745,0.4117647058823529,0.5045045045045045,24,12,22,10,0.6666666666666666,0.7058823529411765,0.6857142857142857
1,DIARRHOEA,pc_con,100,0.5,1,-2287.7840333753634,61,7,4,684,61,0.6363636363636364,0.10294117647058823,0.17721518987341772,3,1,33,31,0.75,0.08823529411764706,0.15789473684210525
2,DIARRHOEA,ges_con,100,0.5,1,-2322.8090228428155,62,6,4,684,62,0.6,0.08823529411764706,0.15384615384615385,6,3,31,28,0.6666666666666666,0.17647058823529413,0.27906976744186046
3,DIARRHOEA,mahc_con,100,0.5,1,-2281.133180853582,64,9,11,677,59,0.45,0.1323529411764706,0.20454545454545453,6,2,32,28,0.75,0.17647058823529413,0.2857142857142857
4,DIARRHOEA,SaiyanH_con,100,0.5,1,-inf,72,28,36,652,40,0.4375,0.4117647058823529,0.42424242424242425,28,29,5,6,0.49122807017543857,0.8235294117647058,0.6153846153846154
