,Network,Method,NumOfData,CorRate,WroRate,Repeat,SHD,Adj_Tp,Adj_Fp,Adj_Tn,Adj_Fn,Prec,Rec,F1,Con_Tp,Con_Fp,Con_Tn,Con_Fn,Con_Prec,Con_Rec,Con_F1
0,DIARRHOEA,pcMy,30,0.2,1,-686.9489988974624,66,9,10,678,59,0.47368421052631576,0.1323529411764706,0.20689655172413793,8,4,10,6,0.6666666666666666,0.5714285714285714,0.6153846153846153
1,DIARRHOEA,pc_con,30,0.2,1,-694.9839874524844,72,0,7,681,68,0.0,0.0,0.0,0,0,14,14,0.0,0.0,0.0
2,DIARRHOEA,ges_con,30,0.2,1,-703.0216207231596,64,4,1,687,64,0.8,0.058823529411764705,0.1095890410958904,3,1,13,11,0.75,0.21428571428571427,0.3333333333333333
3,DIARRHOEA,mahc_con,30,0.2,1,-681.3363615167185,68,6,10,678,62,0.375,0.08823529411764706,0.14285714285714285,3,1,13,11,0.75,0.21428571428571427,0.3333333333333333
4,DIARRHOEA,SaiyanH_con,30,0.2,1,-inf,74,20,32,656,48,0.38461538461538464,0.29411764705882354,0.33333333333333337,12,11,3,2,0.5217391304347826,0.8571428571428571,0.6486486486486486
