,Network,Method,NumOfData,CorRate,WroRate,Repeat,SHD,Adj_Tp,Adj_Fp,Adj_Tn,Adj_Fn,Prec,Rec,F1,Con_Tp,Con_Fp,Con_Tn,Con_Fn,Con_Prec,Con_Rec,Con_F1
0,DIARRHOEA,pcMy,100,0.1,1,-2286.489723305095,62,10,10,678,58,0.5,0.14705882352941177,0.22727272727272727,5,3,4,2,0.625,0.7142857142857143,0.6666666666666666
1,DIARRHOEA,pc_con,100,0.1,1,-2296.355243968809,66,3,9,679,65,0.25,0.04411764705882353,0.075,0,1,6,7,0.0,0.0,0.0
2,DIARRHOEA,ges_con,100,0.1,1,-2363.633539591654,67,1,2,686,67,0.3333333333333333,0.014705882352941176,0.028169014084507043,1,1,6,6,0.5,0.14285714285714285,0.22222222222222224
3,DIARRHOEA,mahc_con,100,0.1,1,-2294.3306744380666,59,11,6,682,57,0.6470588235294118,0.16176470588235295,0.25882352941176473,1,0,7,6,1.0,0.14285714285714285,0.25
4,DIARRHOEA,SaiyanH_con,100,0.1,1,-2295.044677692315,71,19,28,660,49,0.40425531914893614,0.27941176470588236,0.3304347826086957,7,5,2,0,0.5833333333333334,1.0,0.7368421052631579
