,Network,Method,NumOfData,CorRate,WroRate,Repeat,SHD,Adj_Tp,Adj_Fp,Adj_Tn,Adj_Fn,Prec,Rec,F1,Con_Tp,Con_Fp,Con_Tn,Con_Fn,Con_Prec,Con_Rec,Con_F1
0,DIARRHOEA,pcMy,200,0.2,1,-4544.387420061131,55,19,13,675,49,0.59375,0.27941176470588236,0.38,9,6,8,5,0.6,0.6428571428571429,0.6206896551724138
1,DIARRHOEA,pc_con,200,0.2,1,-4561.702412543498,59,11,7,681,57,0.6111111111111112,0.16176470588235295,0.2558139534883721,1,0,14,13,1.0,0.07142857142857142,0.13333333333333333
2,DIARRHOEA,ges_con,200,0.2,1,-4703.481662089539,64,4,1,687,64,0.8,0.058823529411764705,0.1095890410958904,4,1,13,10,0.8,0.2857142857142857,0.4210526315789473
3,DIARRHOEA,mahc_con,200,0.2,1,-4566.927707271741,56,13,5,683,55,0.7222222222222222,0.19117647058823528,0.3023255813953488,3,0,14,11,1.0,0.21428571428571427,0.35294117647058826
4,DIARRHOEA,SaiyanH_con,200,0.2,1,-inf,62,19,23,665,49,0.4523809523809524,0.27941176470588236,0.3454545454545454,10,9,5,4,0.5263157894736842,0.7142857142857143,0.6060606060606061
