,Network,Method,NumOfData,CorRate,WroRate,Repeat,SHD,Adj_Tp,Adj_Fp,Adj_Tn,Adj_Fn,Prec,Rec,F1,Con_Tp,Con_Fp,Con_Tn,Con_Fn,Con_Prec,Con_Rec,Con_F1
0,DIARRHOEA,pcMy,100,0.2,2,-2274.1691245079382,68,13,20,668,55,0.3939393939393939,0.19117647058823528,0.25742574257425743,12,12,16,2,0.5,0.8571428571428571,0.631578947368421
1,DIARRHOEA,pc_con,100,0.2,2,-2283.7149002649558,65,5,8,680,63,0.38461538461538464,0.07352941176470588,0.1234567901234568,4,0,28,10,1.0,0.2857142857142857,0.4444444444444445
2,DIARRHOEA,ges_con,100,0.2,2,-2327.231142800194,61,7,0,688,61,1.0,0.10294117647058823,0.18666666666666665,6,0,28,8,1.0,0.42857142857142855,0.6
3,DIARRHOEA,mahc_con,100,0.2,2,-2272.3837871583046,64,10,9,679,58,0.5263157894736842,0.14705882352941177,0.22988505747126434,6,0,28,8,1.0,0.42857142857142855,0.6
4,DIARRHOEA,SaiyanH_con,100,0.2,2,-inf,82,17,37,651,51,0.3148148148148148,0.25,0.2786885245901639,12,23,5,2,0.34285714285714286,0.8571428571428571,0.4897959183673469
