,Network,Method,NumOfData,CorRate,WroRate,Repeat,SHD,Adj_Tp,Adj_Fp,Adj_Tn,Adj_Fn,Prec,Rec,F1,Con_Tp,Con_Fp,Con_Tn,Con_Fn,Con_Prec,Con_Rec,Con_F1
0,DIARRHOEA,pcMy,100,0.5,1,-2235.7461623446256,54,24,15,673,44,0.6153846153846154,0.35294117647058826,0.4485981308411215,18,10,24,16,0.6428571428571429,0.5294117647058824,0.5806451612903226
1,DIARRHOEA,pc_con,100,0.5,1,-2281.2094415759766,61,7,5,683,61,0.5833333333333334,0.10294117647058823,0.17500000000000002,1,0,34,33,1.0,0.029411764705882353,0.05714285714285715
2,DIARRHOEA,ges_con,100,0.5,1,-inf,64,35,32,656,33,0.5223880597014925,0.5147058823529411,0.5185185185185184,34,32,2,0,0.5151515151515151,1.0,0.6799999999999999
3,DIARRHOEA,mahc_con,100,0.5,1,-2270.810466299381,63,11,10,678,57,0.5238095238095238,0.16176470588235295,0.24719101123595508,6,3,31,28,0.6666666666666666,0.17647058823529413,0.27906976744186046
4,DIARRHOEA,SaiyanH_con,100,0.5,1,-inf,69,31,34,654,37,0.47692307692307695,0.45588235294117646,0.46616541353383456,31,30,4,3,0.5081967213114754,0.9117647058823529,0.6526315789473685
