,Network,Method,NumOfData,CorRate,WroRate,Repeat,SHD,Adj_Tp,Adj_Fp,Adj_Tn,Adj_Fn,Prec,Rec,F1,Con_Tp,Con_Fp,Con_Tn,Con_Fn,Con_Prec,Con_Rec,Con_F1
0,DIARRHOEA,pcMy,100,0.1,1,-2300.4902643907494,60,12,8,680,56,0.6,0.17647058823529413,0.2727272727272727,5,2,5,2,0.7142857142857143,0.7142857142857143,0.7142857142857143
1,DIARRHOEA,pc_con,100,0.1,1,-2309.223159808985,63,7,6,682,61,0.5384615384615384,0.10294117647058823,0.17283950617283952,0,0,7,7,0.0,0.0,0.0
2,DIARRHOEA,ges_con,100,0.1,1,-2360.6982270846147,64,4,0,688,64,1.0,0.058823529411764705,0.1111111111111111,3,0,7,4,1.0,0.42857142857142855,0.6
3,DIARRHOEA,mahc_con,100,0.1,1,-2297.066277085759,64,9,12,676,59,0.42857142857142855,0.1323529411764706,0.20224719101123595,2,0,7,5,1.0,0.2857142857142857,0.4444444444444445
4,DIARRHOEA,SaiyanH_con,100,0.1,1,-2282.894830529909,80,10,33,655,58,0.23255813953488372,0.14705882352941177,0.18018018018018017,4,7,0,3,0.36363636363636365,0.5714285714285714,0.4444444444444444
