,Network,Method,NumOfData,CorRate,WroRate,Repeat,SHD,Adj_Tp,Adj_Fp,Adj_Tn,Adj_Fn,Prec,Rec,F1,Con_Tp,Con_Fp,Con_Tn,Con_Fn,Con_Prec,Con_Rec,Con_F1
0,DIARRHOEA,pcMy,30,0.2,1,-680.9763545958212,66,9,9,679,59,0.5,0.1323529411764706,0.20930232558139536,9,5,9,5,0.6428571428571429,0.6428571428571429,0.6428571428571429
1,DIARRHOEA,pc_con,30,0.2,1,-689.4732846508774,71,0,4,684,68,0.0,0.0,0.0,0,0,14,14,0.0,0.0,0.0
2,DIARRHOEA,ges_con,30,0.2,1,-685.6661718094215,65,4,1,687,64,0.8,0.058823529411764705,0.1095890410958904,4,0,14,10,1.0,0.2857142857142857,0.4444444444444445
3,DIARRHOEA,mahc_con,30,0.2,1,-674.729961165008,70,7,10,678,61,0.4117647058823529,0.10294117647058823,0.16470588235294117,4,0,14,10,1.0,0.2857142857142857,0.4444444444444445
4,DIARRHOEA,SaiyanH_con,30,0.2,1,-inf,82,17,36,652,51,0.32075471698113206,0.25,0.2809917355371901,13,12,2,1,0.52,0.9285714285714286,0.6666666666666666
