,Network,Method,NumOfData,CorRate,WroRate,Repeat,SHD,Adj_Tp,Adj_Fp,Adj_Tn,Adj_Fn,Prec,Rec,F1,Con_Tp,Con_Fp,Con_Tn,Con_Fn,Con_Prec,Con_Rec,Con_F1
0,DIARRHOEA,pcMy,100,0.1,1,-2291.3769745534964,63,6,5,683,62,0.5454545454545454,0.08823529411764706,0.1518987341772152,3,1,6,4,0.75,0.42857142857142855,0.5454545454545454
1,DIARRHOEA,pc_con,100,0.1,1,-2291.362667181011,64,5,4,684,63,0.5555555555555556,0.07352941176470588,0.12987012987012989,2,0,7,5,1.0,0.2857142857142857,0.4444444444444445
2,DIARRHOEA,ges_con,100,0.1,1,-2340.1565425307476,66,2,2,686,66,0.5,0.029411764705882353,0.05555555555555555,2,1,6,5,0.6666666666666666,0.2857142857142857,0.4
3,DIARRHOEA,mahc_con,100,0.1,1,-2276.719228196784,61,10,10,678,58,0.5,0.14705882352941177,0.22727272727272727,0,1,6,7,0.0,0.0,0.0
4,DIARRHOEA,SaiyanH_con,100,0.1,1,-2263.839536624677,70,11,23,665,57,0.3235294117647059,0.16176470588235295,0.2156862745098039,3,3,4,4,0.5,0.42857142857142855,0.4615384615384615
