,Network,Method,NumOfData,CorRate,WroRate,Repeat,SHD,Adj_Tp,Adj_Fp,Adj_Tn,Adj_Fn,Prec,Rec,F1,Con_Tp,Con_Fp,Con_Tn,Con_Fn,Con_Prec,Con_Rec,Con_F1
0,DIARRHOEA,pcMy,50,0.2,1,-1159.0439690361395,62,11,7,681,57,0.6111111111111112,0.16176470588235295,0.2558139534883721,8,2,12,6,0.8,0.5714285714285714,0.6666666666666666
1,DIARRHOEA,pc_con,50,0.2,1,-1161.4983793493109,68,3,5,683,65,0.375,0.04411764705882353,0.07894736842105263,0,0,14,14,0.0,0.0,0.0
2,DIARRHOEA,ges_con,50,0.2,1,-1182.4578974410956,67,1,1,687,67,0.5,0.014705882352941176,0.028571428571428574,0,1,13,14,0.0,0.0,0.0
3,DIARRHOEA,mahc_con,50,0.2,1,-1149.9647285467042,69,6,12,676,62,0.3333333333333333,0.08823529411764706,0.13953488372093023,0,1,13,14,0.0,0.0,0.0
4,DIARRHOEA,SaiyanH_con,50,0.2,1,-inf,78,16,34,654,52,0.32,0.23529411764705882,0.2711864406779661,12,13,1,2,0.48,0.8571428571428571,0.6153846153846153
