,Network,Method,NumOfData,CorRate,WroRate,Repeat,SHD,Adj_Tp,Adj_Fp,Adj_Tn,Adj_Fn,Prec,Rec,F1,Con_Tp,Con_Fp,Con_Tn,Con_Fn,Con_Prec,Con_Rec,Con_F1
0,DIARRHOEA,pcMy,100,0.2,2,-2292.9810927604485,61,14,13,675,54,0.5185185185185185,0.20588235294117646,0.29473684210526313,10,6,22,4,0.625,0.7142857142857143,0.6666666666666666
1,DIARRHOEA,pc_con,100,0.2,2,-2307.456952949879,67,2,10,678,66,0.16666666666666666,0.029411764705882353,0.05,1,1,27,13,0.5,0.07142857142857142,0.125
2,DIARRHOEA,ges_con,100,0.2,2,-2355.3097949346657,64,4,2,686,64,0.6666666666666666,0.058823529411764705,0.10810810810810811,4,1,27,10,0.8,0.2857142857142857,0.4210526315789473
3,DIARRHOEA,mahc_con,100,0.2,2,-2301.297235226162,60,10,9,679,58,0.5263157894736842,0.14705882352941177,0.22988505747126434,4,0,28,10,1.0,0.2857142857142857,0.4444444444444445
4,DIARRHOEA,SaiyanH_con,100,0.2,2,-inf,83,18,39,649,50,0.3157894736842105,0.2647058823529412,0.288,13,24,4,1,0.35135135135135137,0.9285714285714286,0.5098039215686275
