,Network,Method,NumOfData,CorRate,WroRate,Repeat,SHD,Adj_Tp,Adj_Fp,Adj_Tn,Adj_Fn,Prec,Rec,F1,Con_Tp,Con_Fp,Con_Tn,Con_Fn,Con_Prec,Con_Rec,Con_F1
0,DIARRHOEA,pcMy,200,0.2,1,-4561.0427503263245,61,12,13,675,56,0.48,0.17647058823529413,0.25806451612903225,6,5,9,8,0.5454545454545454,0.42857142857142855,0.4799999999999999
1,DIARRHOEA,pc_con,200,0.2,1,-4576.000738167223,62,7,9,679,61,0.4375,0.10294117647058823,0.16666666666666669,1,0,14,13,1.0,0.07142857142857142,0.13333333333333333
2,DIARRHOEA,ges_con,200,0.2,1,-4703.146331060499,64,4,0,688,64,1.0,0.058823529411764705,0.1111111111111111,3,0,14,11,1.0,0.21428571428571427,0.35294117647058826
3,DIARRHOEA,mahc_con,200,0.2,1,-4570.240764060439,60,12,7,681,56,0.631578947368421,0.17647058823529413,0.27586206896551724,3,0,14,11,1.0,0.21428571428571427,0.35294117647058826
4,DIARRHOEA,SaiyanH_con,200,0.2,1,-4606.3026985755205,68,20,27,661,48,0.425531914893617,0.29411764705882354,0.34782608695652173,12,12,2,2,0.5,0.8571428571428571,0.631578947368421
