,Network,Method,NumOfData,CorRate,WroRate,Repeat,SHD,Adj_Tp,Adj_Fp,Adj_Tn,Adj_Fn,Prec,Rec,F1,Con_Tp,Con_Fp,Con_Tn,Con_Fn,Con_Prec,Con_Rec,Con_F1
0,DIARRHOEA,pcMy,50,0.2,1,-1134.7319085307226,62,11,9,679,57,0.55,0.16176470588235295,0.25000000000000006,9,2,12,5,0.8181818181818182,0.6428571428571429,0.7200000000000001
1,DIARRHOEA,pc_con,50,0.2,1,-1143.2579792843567,67,4,5,683,64,0.4444444444444444,0.058823529411764705,0.10389610389610389,0,0,14,14,0.0,0.0,0.0
2,DIARRHOEA,ges_con,50,0.2,1,-1175.2077688875665,64,4,0,688,64,1.0,0.058823529411764705,0.1111111111111111,3,0,14,11,1.0,0.21428571428571427,0.35294117647058826
3,DIARRHOEA,mahc_con,50,0.2,1,-1130.6154301530155,70,7,12,676,61,0.3684210526315789,0.10294117647058823,0.16091954022988503,3,0,14,11,1.0,0.21428571428571427,0.35294117647058826
4,DIARRHOEA,SaiyanH_con,50,0.2,1,-inf,76,14,31,657,54,0.3111111111111111,0.20588235294117646,0.24778761061946902,11,12,2,3,0.4782608695652174,0.7857142857142857,0.5945945945945946
