,Network,Method,NumOfData,CorRate,WroRate,Repeat,SHD,Adj_Tp,Adj_Fp,Adj_Tn,Adj_Fn,Prec,Rec,F1,Con_Tp,Con_Fp,Con_Tn,Con_Fn,Con_Prec,Con_Rec,Con_F1
0,DIARRHOEA,pcMy,30,0.2,1,-686.8764390567758,64,9,8,680,59,0.5294117647058824,0.1323529411764706,0.21176470588235297,8,5,9,6,0.6153846153846154,0.5714285714285714,0.5925925925925927
1,DIARRHOEA,pc_con,30,0.2,1,-690.37720694526,67,2,2,686,66,0.5,0.029411764705882353,0.05555555555555555,0,0,14,14,0.0,0.0,0.0
2,DIARRHOEA,ges_con,30,0.2,1,-694.3896356783223,64,4,0,688,64,1.0,0.058823529411764705,0.1111111111111111,3,0,14,11,1.0,0.21428571428571427,0.35294117647058826
3,DIARRHOEA,mahc_con,30,0.2,1,-671.709916405707,72,5,13,675,63,0.2777777777777778,0.07352941176470588,0.11627906976744186,2,0,14,12,1.0,0.14285714285714285,0.25
4,DIARRHOEA,SaiyanH_con,30,0.2,1,-690.0168495404326,74,22,33,655,46,0.4,0.3235294117647059,0.35772357723577236,14,12,2,0,0.5384615384615384,1.0,0.7000000000000001
