,Network,Method,NumOfData,CorRate,WroRate,Repeat,SHD,Adj_Tp,Adj_Fp,Adj_Tn,Adj_Fn,Prec,Rec,F1,Con_Tp,Con_Fp,Con_Tn,Con_Fn,Con_Prec,Con_Rec,Con_F1
0,DIARRHOEA,pcMy,50,0.2,1,-1113.1782828065395,65,11,14,674,57,0.44,0.16176470588235295,0.23655913978494625,9,6,8,5,0.6,0.6428571428571429,0.6206896551724138
1,DIARRHOEA,pc_con,50,0.2,1,-1120.6758613791492,67,3,7,681,65,0.3,0.04411764705882353,0.07692307692307693,1,1,13,13,0.5,0.07142857142857142,0.125
2,DIARRHOEA,ges_con,50,0.2,1,-1158.165122075651,66,2,0,688,66,1.0,0.029411764705882353,0.05714285714285715,2,0,14,12,1.0,0.14285714285714285,0.25
3,DIARRHOEA,mahc_con,50,0.2,1,-1118.9388827813266,64,8,8,680,60,0.5,0.11764705882352941,0.19047619047619047,1,0,14,13,1.0,0.07142857142857142,0.13333333333333333
4,DIARRHOEA,SaiyanH_con,50,0.2,1,-inf,78,14,30,658,54,0.3181818181818182,0.20588235294117646,0.25,10,12,2,4,0.45454545454545453,0.7142857142857143,0.5555555555555556
