,Network,Method,NumOfData,CorRate,WroRate,Repeat,SHD,Adj_Tp,Adj_Fp,Adj_Tn,Adj_Fn,Prec,Rec,F1,Con_Tp,Con_Fp,Con_Tn,Con_Fn,Con_Prec,Con_Rec,Con_F1
0,DIARRHOEA,pcMy,200,0.2,1,-4538.637231642637,56,18,11,677,50,0.6206896551724138,0.2647058823529412,0.3711340206185567,12,5,9,2,0.7058823529411765,0.8571428571428571,0.7741935483870968
1,DIARRHOEA,pc_con,200,0.2,1,-4574.963503652413,64,6,8,680,62,0.42857142857142855,0.08823529411764706,0.14634146341463417,3,0,14,11,1.0,0.21428571428571427,0.35294117647058826
2,DIARRHOEA,ges_con,200,0.2,1,-4669.502316526588,62,6,1,687,62,0.8571428571428571,0.08823529411764706,0.16,6,0,14,8,1.0,0.42857142857142855,0.6
3,DIARRHOEA,mahc_con,200,0.2,1,-4568.21003217806,53,16,5,683,52,0.7619047619047619,0.23529411764705882,0.35955056179775274,4,0,14,10,1.0,0.2857142857142857,0.4444444444444445
4,DIARRHOEA,SaiyanH_con,200,0.2,1,-inf,70,16,26,662,52,0.38095238095238093,0.23529411764705882,0.29090909090909084,10,10,4,4,0.5,0.7142857142857143,0.588235294117647
