,Network,Method,NumOfData,CorRate,WroRate,Repeat,SHD,Adj_Tp,Adj_Fp,Adj_Tn,Adj_Fn,Prec,Rec,F1,Con_Tp,Con_Fp,Con_Tn,Con_Fn,Con_Prec,Con_Rec,Con_F1
0,DIARRHOEA,pcMy,100,0.1,1,-2288.7329222194658,64,8,8,680,60,0.5,0.11764705882352941,0.19047619047619047,5,4,3,2,0.5555555555555556,0.7142857142857143,0.6250000000000001
1,DIARRHOEA,pc_con,100,0.1,1,-2310.638457357572,65,3,5,683,65,0.375,0.04411764705882353,0.07894736842105263,1,0,7,6,1.0,0.14285714285714285,0.25
2,DIARRHOEA,ges_con,100,0.1,1,-2297.235869106279,63,9,8,680,59,0.5294117647058824,0.1323529411764706,0.21176470588235297,4,0,7,3,1.0,0.5714285714285714,0.7272727272727273
3,DIARRHOEA,mahc_con,100,0.1,1,-2295.4057417031877,64,9,9,679,59,0.5,0.1323529411764706,0.20930232558139536,3,1,6,4,0.75,0.42857142857142855,0.5454545454545454
4,DIARRHOEA,SaiyanH_con,100,0.1,1,-inf,77,12,27,661,56,0.3076923076923077,0.17647058823529413,0.22429906542056074,4,5,2,3,0.4444444444444444,0.5714285714285714,0.5
