,Network,Method,NumOfData,CorRate,WroRate,Repeat,SHD,Adj_Tp,Adj_Fp,Adj_Tn,Adj_Fn,Prec,Rec,F1,Con_Tp,Con_Fp,Con_Tn,Con_Fn,Con_Prec,Con_Rec,Con_F1
0,DIARRHOEA,pcMy,100,0.5,1,-2237.0458534975796,62,21,22,666,47,0.4883720930232558,0.3088235294117647,0.3783783783783784,16,13,21,18,0.5517241379310345,0.47058823529411764,0.507936507936508
1,DIARRHOEA,pc_con,100,0.5,1,-2272.2119647756595,63,7,8,680,61,0.4666666666666667,0.10294117647058823,0.1686746987951807,2,0,34,32,1.0,0.058823529411764705,0.1111111111111111
2,DIARRHOEA,ges_con,100,0.5,1,-2344.715702360872,59,9,1,687,59,0.9,0.1323529411764706,0.23076923076923075,9,0,34,25,1.0,0.2647058823529412,0.4186046511627907
3,DIARRHOEA,mahc_con,100,0.5,1,-2278.4255871775026,56,15,6,682,53,0.7142857142857143,0.22058823529411764,0.33707865168539325,8,0,34,26,1.0,0.23529411764705882,0.38095238095238093
4,DIARRHOEA,SaiyanH_con,100,0.5,1,-inf,64,33,32,656,35,0.5076923076923077,0.4852941176470588,0.49624060150375937,30,25,9,4,0.5454545454545454,0.8823529411764706,0.6741573033707865
