,Network,Method,NumOfData,CorRate,WroRate,Repeat,SHD,Adj_Tp,Adj_Fp,Adj_Tn,Adj_Fn,Prec,Rec,F1,Con_Tp,Con_Fp,Con_Tn,Con_Fn,Con_Prec,Con_Rec,Con_F1
0,DIARRHOEA,pcMy,100,0.2,2,-2248.781105323624,65,14,18,670,54,0.4375,0.20588235294117646,0.28,11,12,16,3,0.4782608695652174,0.7857142857142857,0.5945945945945946
1,DIARRHOEA,pc_con,100,0.2,2,-2263.7896122335032,65,3,9,679,65,0.25,0.04411764705882353,0.075,1,0,28,13,1.0,0.07142857142857142,0.13333333333333333
2,DIARRHOEA,ges_con,100,0.2,2,-2315.6945500198544,64,5,1,687,63,0.8333333333333334,0.07352941176470588,0.13513513513513514,4,1,27,10,0.8,0.2857142857142857,0.4210526315789473
3,DIARRHOEA,mahc_con,100,0.2,2,-2256.0443050520416,65,7,11,677,61,0.3888888888888889,0.10294117647058823,0.1627906976744186,4,1,27,10,0.8,0.2857142857142857,0.4210526315789473
4,DIARRHOEA,SaiyanH_con,100,0.2,2,-2300.268037855215,84,15,43,645,53,0.25862068965517243,0.22058823529411764,0.23809523809523808,11,21,7,3,0.34375,0.7857142857142857,0.4782608695652174
