,Network,Method,NumOfData,CorRate,WroRate,Repeat,SHD,Adj_Tp,Adj_Fp,Adj_Tn,Adj_Fn,Prec,Rec,F1,Con_Tp,Con_Fp,Con_Tn,Con_Fn,Con_Prec,Con_Rec,Con_F1
0,DIARRHOEA,pcMy,100,0.5,1,-2273.7283213045107,55,23,13,675,45,0.6388888888888888,0.3382352941176471,0.44230769230769235,20,10,24,14,0.6666666666666666,0.5882352941176471,0.625
1,DIARRHOEA,pc_con,100,0.5,1,-2277.5392509586195,66,4,6,682,64,0.4,0.058823529411764705,0.10256410256410256,3,2,32,31,0.6,0.08823529411764706,0.15384615384615385
2,DIARRHOEA,ges_con,100,0.5,1,-2299.2350314212854,63,6,2,686,62,0.75,0.08823529411764706,0.15789473684210525,6,2,32,28,0.75,0.17647058823529413,0.2857142857142857
3,DIARRHOEA,mahc_con,100,0.5,1,-2273.5489722089633,63,9,6,682,59,0.6,0.1323529411764706,0.21686746987951808,5,2,32,29,0.7142857142857143,0.14705882352941177,0.24390243902439024
4,DIARRHOEA,SaiyanH_con,100,0.5,1,-inf,66,32,34,654,36,0.48484848484848486,0.47058823529411764,0.4776119402985075,31,29,5,3,0.5166666666666667,0.9117647058823529,0.6595744680851064
