,Network,Method,NumOfData,CorRate,WroRate,Repeat,SHD,Adj_Tp,Adj_Fp,Adj_Tn,Adj_Fn,Prec,Rec,F1,Con_Tp,Con_Fp,Con_Tn,Con_Fn,Con_Prec,Con_Rec,Con_F1
0,DIARRHOEA,pcMy,50,0.2,1,-1164.2490561385025,64,8,6,682,60,0.5714285714285714,0.11764705882352941,0.1951219512195122,7,3,11,7,0.7,0.5,0.5833333333333334
1,DIARRHOEA,pc_con,50,0.2,1,-1173.0272212064783,68,1,3,685,67,0.25,0.014705882352941176,0.027777777777777776,0,0,14,14,0.0,0.0,0.0
2,DIARRHOEA,ges_con,50,0.2,1,-1180.1355681658947,65,4,1,687,64,0.8,0.058823529411764705,0.1095890410958904,3,1,13,11,0.75,0.21428571428571427,0.3333333333333333
3,DIARRHOEA,mahc_con,50,0.2,1,-1143.5911625249894,66,8,10,678,60,0.4444444444444444,0.11764705882352941,0.18604651162790695,3,1,13,11,0.75,0.21428571428571427,0.3333333333333333
4,DIARRHOEA,SaiyanH_con,50,0.2,1,-1166.1375253022468,78,21,33,655,47,0.3888888888888889,0.3088235294117647,0.34426229508196726,14,13,1,0,0.5185185185185185,1.0,0.6829268292682926
