,Network,Method,NumOfData,CorRate,WroRate,Repeat,SHD,Adj_Tp,Adj_Fp,Adj_Tn,Adj_Fn,Prec,Rec,F1,Con_Tp,Con_Fp,Con_Tn,Con_Fn,Con_Prec,Con_Rec,Con_F1
0,DIARRHOEA,pcMy,100,0.2,2,-2253.1305402972735,71,9,21,667,59,0.3,0.1323529411764706,0.18367346938775508,8,10,18,6,0.4444444444444444,0.5714285714285714,0.5
1,DIARRHOEA,pc_con,100,0.2,2,-2276.306163811781,67,4,11,677,64,0.26666666666666666,0.058823529411764705,0.09638554216867469,2,0,28,12,1.0,0.14285714285714285,0.25
2,DIARRHOEA,ges_con,100,0.2,2,-2342.2952226396314,64,5,1,687,63,0.8333333333333334,0.07352941176470588,0.13513513513513514,4,1,27,10,0.8,0.2857142857142857,0.4210526315789473
3,DIARRHOEA,mahc_con,100,0.2,2,-2276.90481761448,59,11,7,681,57,0.6111111111111112,0.16176470588235295,0.2558139534883721,3,1,27,11,0.75,0.21428571428571427,0.3333333333333333
4,DIARRHOEA,SaiyanH_con,100,0.2,2,-inf,84,18,40,648,50,0.3103448275862069,0.2647058823529412,0.28571428571428575,13,26,2,1,0.3333333333333333,0.9285714285714286,0.4905660377358491
