,Network,Method,NumOfData,CorRate,WroRate,Repeat,SHD,Adj_Tp,Adj_Fp,Adj_Tn,Adj_Fn,Prec,Rec,F1,Con_Tp,Con_Fp,Con_Tn,Con_Fn,Con_Prec,Con_Rec,Con_F1
0,DIARRHOEA,pcMy,100,0.5,1,-2274.976422185591,54,27,14,674,41,0.6585365853658537,0.39705882352941174,0.4954128440366972,21,11,23,13,0.65625,0.6176470588235294,0.6363636363636364
1,DIARRHOEA,pc_con,100,0.5,1,-2285.945719515623,64,6,7,681,62,0.46153846153846156,0.08823529411764706,0.14814814814814817,3,0,34,31,1.0,0.08823529411764706,0.1621621621621622
2,DIARRHOEA,ges_con,100,0.5,1,-2329.576663480133,65,5,4,684,63,0.5555555555555556,0.07352941176470588,0.12987012987012989,5,3,31,29,0.625,0.14705882352941177,0.2380952380952381
3,DIARRHOEA,mahc_con,100,0.5,1,-2278.3050630342505,65,8,11,677,60,0.42105263157894735,0.11764705882352941,0.1839080459770115,4,3,31,30,0.5714285714285714,0.11764705882352941,0.1951219512195122
4,DIARRHOEA,SaiyanH_con,100,0.5,1,-inf,65,33,39,649,35,0.4583333333333333,0.4852941176470588,0.4714285714285714,31,28,6,3,0.5254237288135594,0.9117647058823529,0.6666666666666667
