,Network,Method,NumOfData,CorRate,WroRate,Repeat,SHD,Adj_Tp,Adj_Fp,Adj_Tn,Adj_Fn,Prec,Rec,F1,Con_Tp,Con_Fp,Con_Tn,Con_Fn,Con_Prec,Con_Rec,Con_F1
0,DIARRHOEA,pcMy,200,0.2,1,-4517.197263503199,59,15,13,675,53,0.5357142857142857,0.22058823529411764,0.3125,10,5,9,4,0.6666666666666666,0.7142857142857143,0.689655172413793
1,DIARRHOEA,pc_con,200,0.2,1,-4545.8210291797,62,7,6,682,61,0.5384615384615384,0.10294117647058823,0.17283950617283952,0,0,14,14,0.0,0.0,0.0
2,DIARRHOEA,ges_con,200,0.2,1,-4651.247365689542,62,7,2,686,61,0.7777777777777778,0.10294117647058823,0.1818181818181818,7,1,13,7,0.875,0.5,0.6363636363636364
3,DIARRHOEA,mahc_con,200,0.2,1,-4524.283111845136,58,12,7,681,56,0.631578947368421,0.17647058823529413,0.27586206896551724,6,2,12,8,0.75,0.42857142857142855,0.5454545454545454
4,DIARRHOEA,SaiyanH_con,200,0.2,1,-inf,76,14,30,658,54,0.3181818181818182,0.20588235294117646,0.25,10,10,4,4,0.5,0.7142857142857143,0.588235294117647
