,Network,Method,NumOfData,CorRate,WroRate,Repeat,SHD,Adj_Tp,Adj_Fp,Adj_Tn,Adj_Fn,Prec,Rec,F1,Con_Tp,Con_Fp,Con_Tn,Con_Fn,Con_Prec,Con_Rec,Con_F1
0,DIARRHOEA,pcMy,100,0.2,2,-2273.9170039762444,66,10,9,679,58,0.5263157894736842,0.14705882352941177,0.22988505747126434,6,6,22,8,0.5,0.42857142857142855,0.4615384615384615
1,DIARRHOEA,pc_con,100,0.2,2,-2280.4238105432955,66,5,5,683,63,0.5,0.07352941176470588,0.12820512820512822,2,2,26,12,0.5,0.14285714285714285,0.22222222222222224
2,DIARRHOEA,ges_con,100,0.2,2,-2311.4459291359212,64,5,3,685,63,0.625,0.07352941176470588,0.13157894736842107,5,2,26,9,0.7142857142857143,0.35714285714285715,0.4761904761904762
3,DIARRHOEA,mahc_con,100,0.2,2,-2264.6888627470917,67,10,11,677,58,0.47619047619047616,0.14705882352941177,0.2247191011235955,5,2,26,9,0.7142857142857143,0.35714285714285715,0.4761904761904762
4,DIARRHOEA,SaiyanH_con,100,0.2,2,-inf,87,17,40,648,51,0.2982456140350877,0.25,0.27199999999999996,12,25,3,2,0.32432432432432434,0.8571428571428571,0.4705882352941177
