,Network,Method,NumOfData,CorRate,WroRate,Repeat,SHD,Adj_Tp,Adj_Fp,Adj_Tn,Adj_Fn,Prec,Rec,F1,Con_Tp,Con_Fp,Con_Tn,Con_Fn,Con_Prec,Con_Rec,Con_F1
0,DIARRHOEA,pcMy,100,0.5,1,-2239.5336479322923,48,27,17,671,41,0.6136363636363636,0.39705882352941174,0.48214285714285715,26,13,21,8,0.6666666666666666,0.7647058823529411,0.7123287671232877
1,DIARRHOEA,pc_con,100,0.5,1,-2300.4656723643184,64,4,6,682,64,0.4,0.058823529411764705,0.10256410256410256,3,0,34,31,1.0,0.08823529411764706,0.1621621621621622
2,DIARRHOEA,ges_con,100,0.5,1,-2315.8404168069296,56,12,1,687,56,0.9230769230769231,0.17647058823529413,0.29629629629629634,12,1,33,22,0.9230769230769231,0.35294117647058826,0.5106382978723405
3,DIARRHOEA,mahc_con,100,0.5,1,-2264.57309624582,59,14,9,679,54,0.6086956521739131,0.20588235294117646,0.3076923076923077,11,1,33,23,0.9166666666666666,0.3235294117647059,0.4782608695652174
4,DIARRHOEA,SaiyanH_con,100,0.5,1,-inf,65,29,30,658,39,0.4915254237288136,0.4264705882352941,0.4566929133858268,28,26,8,6,0.5185185185185185,0.8235294117647058,0.6363636363636364
