,Network,Method,NumOfData,CorRate,WroRate,Repeat,SHD,Adj_Tp,Adj_Fp,Adj_Tn,Adj_Fn,Prec,Rec,F1,Con_Tp,Con_Fp,Con_Tn,Con_Fn,Con_Prec,Con_Rec,Con_F1
0,DIARRHOEA,pcMy,200,0.2,1,-4529.26901655236,63,8,12,676,60,0.4,0.11764705882352941,0.1818181818181818,7,2,12,7,0.7777777777777778,0.5,0.6086956521739131
1,DIARRHOEA,pc_con,200,0.2,1,-4549.188885684028,67,3,11,677,65,0.21428571428571427,0.04411764705882353,0.07317073170731708,2,2,12,12,0.5,0.14285714285714285,0.22222222222222224
2,DIARRHOEA,ges_con,200,0.2,1,-4637.010289921093,63,6,2,686,62,0.75,0.08823529411764706,0.15789473684210525,6,2,12,8,0.75,0.42857142857142855,0.5454545454545454
3,DIARRHOEA,mahc_con,200,0.2,1,-4533.521075490652,58,12,8,680,56,0.6,0.17647058823529413,0.2727272727272727,3,1,13,11,0.75,0.21428571428571427,0.3333333333333333
4,DIARRHOEA,SaiyanH_con,200,0.2,1,-inf,66,18,22,666,50,0.45,0.2647058823529412,0.33333333333333337,11,10,4,3,0.5238095238095238,0.7857142857142857,0.6285714285714286
