,Network,Method,NumOfData,CorRate,WroRate,Repeat,SHD,Adj_Tp,Adj_Fp,Adj_Tn,Adj_Fn,Prec,Rec,F1,Con_Tp,Con_Fp,Con_Tn,Con_Fn,Con_Prec,Con_Rec,Con_F1
0,DIARRHOEA,pcMy,200,0.2,1,-4492.856107106924,62,14,17,671,54,0.45161290322580644,0.20588235294117646,0.2828282828282828,11,7,7,3,0.6111111111111112,0.7857142857142857,0.6875000000000001
1,DIARRHOEA,pc_con,200,0.2,1,-4547.9111255373045,64,5,10,678,63,0.3333333333333333,0.07352941176470588,0.12048192771084337,2,0,14,12,1.0,0.14285714285714285,0.25
2,DIARRHOEA,ges_con,200,0.2,1,-4653.969315333816,66,3,3,685,65,0.5,0.04411764705882353,0.0810810810810811,3,2,12,11,0.6,0.21428571428571427,0.3157894736842105
3,DIARRHOEA,mahc_con,200,0.2,1,-4539.44239213005,57,13,8,680,55,0.6190476190476191,0.19117647058823528,0.29213483146067415,3,2,12,11,0.6,0.21428571428571427,0.3157894736842105
4,DIARRHOEA,SaiyanH_con,200,0.2,1,-4515.816100067537,69,23,29,659,45,0.4423076923076923,0.3382352941176471,0.3833333333333333,14,11,3,0,0.56,1.0,0.717948717948718
