,Network,Method,NumOfData,CorRate,WroRate,Repeat,SHD,Adj_Tp,Adj_Fp,Adj_Tn,Adj_Fn,Prec,Rec,F1,Con_Tp,Con_Fp,Con_Tn,Con_Fn,Con_Prec,Con_Rec,Con_F1
0,DIARRHOEA,pcMy,200,0.2,1,-4555.0748858727375,56,14,9,679,54,0.6086956521739131,0.20588235294117646,0.3076923076923077,8,4,10,6,0.6666666666666666,0.5714285714285714,0.6153846153846153
1,DIARRHOEA,pc_con,200,0.2,1,-4583.3868432515455,58,10,5,683,58,0.6666666666666666,0.14705882352941177,0.24096385542168675,5,0,14,9,1.0,0.35714285714285715,0.5263157894736842
2,DIARRHOEA,ges_con,200,0.2,1,-4674.1593427470325,62,6,2,686,62,0.75,0.08823529411764706,0.15789473684210525,6,2,12,8,0.75,0.42857142857142855,0.5454545454545454
3,DIARRHOEA,mahc_con,200,0.2,1,-4599.667524401917,56,12,5,683,56,0.7058823529411765,0.17647058823529413,0.2823529411764706,5,2,12,9,0.7142857142857143,0.35714285714285715,0.4761904761904762
4,DIARRHOEA,SaiyanH_con,200,0.2,1,-4560.739968460922,60,22,19,669,46,0.5365853658536586,0.3235294117647059,0.4036697247706422,11,8,6,3,0.5789473684210527,0.7857142857142857,0.6666666666666667
