,Network,Method,NumOfData,CorRate,WroRate,Repeat,SHD,Adj_Tp,Adj_Fp,Adj_Tn,Adj_Fn,Prec,Rec,F1,Con_Tp,Con_Fp,Con_Tn,Con_Fn,Con_Prec,Con_Rec,Con_F1
0,DIARRHOEA,pcMy,100,0.5,1,-2226.428634969751,60,19,18,670,49,0.5135135135135135,0.27941176470588236,0.3619047619047619,17,14,20,17,0.5483870967741935,0.5,0.5230769230769231
1,DIARRHOEA,pc_con,100,0.5,1,-2280.8465968580203,60,8,3,685,60,0.7272727272727273,0.11764705882352941,0.20253164556962022,6,1,33,28,0.8571428571428571,0.17647058823529413,0.29268292682926833
2,DIARRHOEA,ges_con,100,0.5,1,-2301.615546646175,61,8,3,685,60,0.7272727272727273,0.11764705882352941,0.20253164556962022,8,3,31,26,0.7272727272727273,0.23529411764705882,0.3555555555555555
3,DIARRHOEA,mahc_con,100,0.5,1,-2268.4905527518904,61,10,8,680,58,0.5555555555555556,0.14705882352941177,0.23255813953488372,7,1,33,27,0.875,0.20588235294117646,0.33333333333333337
4,DIARRHOEA,SaiyanH_con,100,0.5,1,-inf,65,33,34,654,35,0.4925373134328358,0.4852941176470588,0.4888888888888889,32,30,4,2,0.5161290322580645,0.9411764705882353,0.6666666666666666
