,Network,Method,NumOfData,CorRate,WroRate,Repeat,SHD,Adj_Tp,Adj_Fp,Adj_Tn,Adj_Fn,Prec,Rec,F1,Con_Tp,Con_Fp,Con_Tn,Con_Fn,Con_Prec,Con_Rec,Con_F1
0,DIARRHOEA,pcMy,100,0.1,1,-2284.214948901364,61,9,10,678,59,0.47368421052631576,0.1323529411764706,0.20689655172413793,5,4,3,2,0.5555555555555556,0.7142857142857143,0.6250000000000001
1,DIARRHOEA,pc_con,100,0.1,1,-2291.384278021873,64,4,7,681,64,0.36363636363636365,0.058823529411764705,0.10126582278481011,1,0,7,6,1.0,0.14285714285714285,0.25
2,DIARRHOEA,ges_con,100,0.1,1,-2355.7639800721317,66,2,1,687,66,0.6666666666666666,0.029411764705882353,0.056338028169014086,1,1,6,6,0.5,0.14285714285714285,0.22222222222222224
3,DIARRHOEA,mahc_con,100,0.1,1,-2274.585069436285,63,7,10,678,61,0.4117647058823529,0.10294117647058823,0.16470588235294117,0,1,6,7,0.0,0.0,0.0
4,DIARRHOEA,SaiyanH_con,100,0.1,1,-2267.711618868737,74,13,28,660,55,0.3170731707317073,0.19117647058823528,0.2385321100917431,6,6,1,1,0.5,0.8571428571428571,0.631578947368421
