,Network,Method,NumOfData,CorRate,WroRate,Repeat,SHD,Adj_Tp,Adj_Fp,Adj_Tn,Adj_Fn,Prec,Rec,F1,Con_Tp,Con_Fp,Con_Tn,Con_Fn,Con_Prec,Con_Rec,Con_F1
0,DIARRHOEA,pcMy,50,0.2,1,-1142.4359389058702,67,12,16,672,56,0.42857142857142855,0.17647058823529413,0.25,8,9,5,6,0.47058823529411764,0.5714285714285714,0.5161290322580646
1,DIARRHOEA,pc_con,50,0.2,1,-1151.8645462403042,67,3,8,680,65,0.2727272727272727,0.04411764705882353,0.0759493670886076,1,0,14,13,1.0,0.07142857142857142,0.13333333333333333
2,DIARRHOEA,ges_con,50,0.2,1,-1181.5941116324414,65,4,1,687,64,0.8,0.058823529411764705,0.1095890410958904,3,1,13,11,0.75,0.21428571428571427,0.3333333333333333
3,DIARRHOEA,mahc_con,50,0.2,1,-1145.0300801267092,69,7,14,674,61,0.3333333333333333,0.10294117647058823,0.15730337078651682,3,1,13,11,0.75,0.21428571428571427,0.3333333333333333
4,DIARRHOEA,SaiyanH_con,50,0.2,1,-inf,87,16,41,647,52,0.2807017543859649,0.23529411764705882,0.25599999999999995,10,13,1,4,0.43478260869565216,0.7142857142857143,0.5405405405405405
