,Network,Method,NumOfData,CorRate,WroRate,Repeat,SHD,Adj_Tp,Adj_Fp,Adj_Tn,Adj_Fn,Prec,Rec,F1,Con_Tp,Con_Fp,Con_Tn,Con_Fn,Con_Prec,Con_Rec,Con_F1
0,DIARRHOEA,pcMy,100,0.1,1,-2287.73018967944,61,10,8,680,58,0.5555555555555556,0.14705882352941177,0.23255813953488372,5,2,5,2,0.7142857142857143,0.7142857142857143,0.7142857142857143
1,DIARRHOEA,pc_con,100,0.1,1,-2294.430648309346,64,5,6,682,63,0.45454545454545453,0.07352941176470588,0.12658227848101267,0,0,7,7,0.0,0.0,0.0
2,DIARRHOEA,ges_con,100,0.1,1,-2353.9139161595967,67,1,1,687,67,0.5,0.014705882352941176,0.028571428571428574,1,0,7,6,1.0,0.14285714285714285,0.25
3,DIARRHOEA,mahc_con,100,0.1,1,-2291.225944774229,64,7,8,680,61,0.4666666666666667,0.10294117647058823,0.1686746987951807,1,0,7,6,1.0,0.14285714285714285,0.25
4,DIARRHOEA,SaiyanH_con,100,0.1,1,-2274.4218056426994,73,12,23,665,56,0.34285714285714286,0.17647058823529413,0.23300970873786409,5,4,3,2,0.5555555555555556,0.7142857142857143,0.6250000000000001
