,Network,Method,NumOfData,CorRate,WroRate,Repeat,SHD,Adj_Tp,Adj_Fp,Adj_Tn,Adj_Fn,Prec,Rec,F1,Con_Tp,Con_Fp,Con_Tn,Con_Fn,Con_Prec,Con_Rec,Con_F1
0,DIARRHOEA,pcMy,100,0.5,1,-2274.9267806797307,58,21,17,671,47,0.5526315789473685,0.3088235294117647,0.39622641509433965,19,13,21,15,0.59375,0.5588235294117647,0.5757575757575757
1,DIARRHOEA,pc_con,100,0.5,1,-2282.021860789796,63,8,5,683,60,0.6153846153846154,0.11764705882352941,0.19753086419753085,5,2,32,29,0.7142857142857143,0.14705882352941177,0.24390243902439024
2,DIARRHOEA,ges_con,100,0.5,1,-inf,61,34,33,655,34,0.5074626865671642,0.5,0.5037037037037037,34,32,2,0,0.5151515151515151,1.0,0.6799999999999999
3,DIARRHOEA,mahc_con,100,0.5,1,-2274.969052915407,60,12,7,681,56,0.631578947368421,0.17647058823529413,0.27586206896551724,8,3,31,26,0.7272727272727273,0.23529411764705882,0.3555555555555555
4,DIARRHOEA,SaiyanH_con,100,0.5,1,-inf,69,32,41,647,36,0.4383561643835616,0.47058823529411764,0.45390070921985815,30,32,2,4,0.4838709677419355,0.8823529411764706,0.625
