,Network,Method,NumOfData,CorRate,WroRate,Repeat,SHD,Adj_Tp,Adj_Fp,Adj_Tn,Adj_Fn,Prec,Rec,F1,Con_Tp,Con_Fp,Con_Tn,Con_Fn,Con_Prec,Con_Rec,Con_F1
0,DIARRHOEA,pcMy,200,0.2,1,-4586.644045247394,57,15,8,680,53,0.6521739130434783,0.22058823529411764,0.32967032967032966,7,4,10,7,0.6363636363636364,0.5,0.56
1,DIARRHOEA,pc_con,200,0.2,1,-4601.097059168056,58,10,4,684,58,0.7142857142857143,0.14705882352941177,0.24390243902439024,2,1,13,12,0.6666666666666666,0.14285714285714285,0.23529411764705882
2,DIARRHOEA,ges_con,200,0.2,1,-4704.0018339877515,66,4,2,686,64,0.6666666666666666,0.058823529411764705,0.10810810810810811,4,2,12,10,0.6666666666666666,0.2857142857142857,0.4
3,DIARRHOEA,mahc_con,200,0.2,1,-4594.102253294045,60,11,7,681,57,0.6111111111111112,0.16176470588235295,0.2558139534883721,4,1,13,10,0.8,0.2857142857142857,0.4210526315789473
4,DIARRHOEA,SaiyanH_con,200,0.2,1,-4590.568132091988,69,19,25,663,49,0.4318181818181818,0.27941176470588236,0.33928571428571436,12,11,3,2,0.5217391304347826,0.8571428571428571,0.6486486486486486
