,Network,Method,NumOfData,CorRate,WroRate,Repeat,SHD,Adj_Tp,Adj_Fp,Adj_Tn,Adj_Fn,Prec,Rec,F1,Con_Tp,Con_Fp,Con_Tn,Con_Fn,Con_Prec,Con_Rec,Con_F1
0,DIARRHOEA,pcMy,100,0.1,1,-2309.2232002608685,64,10,10,678,58,0.5,0.14705882352941177,0.22727272727272727,5,3,4,2,0.625,0.7142857142857143,0.6666666666666666
1,DIARRHOEA,pc_con,100,0.1,1,-2320.7445646571377,67,4,8,680,64,0.3333333333333333,0.058823529411764705,0.1,0,0,7,7,0.0,0.0,0.0
2,DIARRHOEA,ges_con,100,0.1,1,-2359.5412651284337,65,3,0,688,65,1.0,0.04411764705882353,0.08450704225352113,2,0,7,5,1.0,0.2857142857142857,0.4444444444444445
3,DIARRHOEA,mahc_con,100,0.1,1,-2301.9646646899573,60,11,6,682,57,0.6470588235294118,0.16176470588235295,0.25882352941176473,2,0,7,5,1.0,0.2857142857142857,0.4444444444444445
4,DIARRHOEA,SaiyanH_con,100,0.1,1,-2329.46793096475,75,14,31,657,54,0.3111111111111111,0.20588235294117646,0.24778761061946902,7,5,2,0,0.5833333333333334,1.0,0.7368421052631579
