,Network,Method,NumOfData,CorRate,WroRate,Repeat,SHD,Adj_Tp,Adj_Fp,Adj_Tn,Adj_Fn,Prec,Rec,F1,Con_Tp,Con_Fp,Con_Tn,Con_Fn,Con_Prec,Con_Rec,Con_F1
0,DIARRHOEA,pcMy,100,0.5,1,-2250.0446472796275,62,20,18,670,48,0.5263157894736842,0.29411764705882354,0.3773584905660377,19,12,22,15,0.6129032258064516,0.5588235294117647,0.5846153846153845
1,DIARRHOEA,pc_con,100,0.5,1,-2269.7631340026164,64,7,7,681,61,0.5,0.10294117647058823,0.17073170731707318,6,0,34,28,1.0,0.17647058823529413,0.3
2,DIARRHOEA,ges_con,100,0.5,1,-2324.8597761424926,61,8,2,686,60,0.8,0.11764705882352941,0.20512820512820512,8,2,32,26,0.8,0.23529411764705882,0.3636363636363636
3,DIARRHOEA,mahc_con,100,0.5,1,-2273.2723043677743,65,8,10,678,60,0.4444444444444444,0.11764705882352941,0.18604651162790695,6,2,32,28,0.75,0.17647058823529413,0.2857142857142857
4,DIARRHOEA,SaiyanH_con,100,0.5,1,-inf,65,33,34,654,35,0.4925373134328358,0.4852941176470588,0.4888888888888889,32,29,5,2,0.5245901639344263,0.9411764705882353,0.6736842105263159
