,Network,Method,NumOfData,CorRate,WroRate,Repeat,SHD,Adj_Tp,Adj_Fp,Adj_Tn,Adj_Fn,Prec,Rec,F1,Con_Tp,Con_Fp,Con_Tn,Con_Fn,Con_Prec,Con_Rec,Con_F1
0,DIARRHOEA,pcMy,100,0.1,1,-2269.2700710023487,61,11,10,678,57,0.5238095238095238,0.16176470588235295,0.24719101123595508,7,2,5,0,0.7777777777777778,1.0,0.8750000000000001
1,DIARRHOEA,pc_con,100,0.1,1,-2290.711155919161,66,4,8,680,64,0.3333333333333333,0.058823529411764705,0.1,0,0,7,7,0.0,0.0,0.0
2,DIARRHOEA,ges_con,100,0.1,1,-2343.735934175696,67,1,1,687,67,0.5,0.014705882352941176,0.028571428571428574,1,0,7,6,1.0,0.14285714285714285,0.25
3,DIARRHOEA,mahc_con,100,0.1,1,-2283.781279681999,65,9,10,678,59,0.47368421052631576,0.1323529411764706,0.20689655172413793,1,0,7,6,1.0,0.14285714285714285,0.25
4,DIARRHOEA,SaiyanH_con,100,0.1,1,-2258.7963127078538,81,14,33,655,54,0.2978723404255319,0.20588235294117646,0.24347826086956526,6,6,1,1,0.5,0.8571428571428571,0.631578947368421
