,Network,Method,NumOfData,CorRate,WroRate,Repeat,SHD,Adj_Tp,Adj_Fp,Adj_Tn,Adj_Fn,Prec,Rec,F1,Con_Tp,Con_Fp,Con_Tn,Con_Fn,Con_Prec,Con_Rec,Con_F1
0,DIARRHOEA,pcMy,30,0.2,1,-682.564012471802,64,9,8,680,59,0.5294117647058824,0.1323529411764706,0.21176470588235297,7,5,9,7,0.5833333333333334,0.5,0.5384615384615384
1,DIARRHOEA,pc_con,30,0.2,1,-684.068691558647,65,3,3,685,65,0.5,0.04411764705882353,0.0810810810810811,1,0,14,13,1.0,0.07142857142857142,0.13333333333333333
2,DIARRHOEA,ges_con,30,0.2,1,-693.3572970420876,67,1,1,687,67,0.5,0.014705882352941176,0.028571428571428574,1,0,14,13,1.0,0.07142857142857142,0.13333333333333333
3,DIARRHOEA,mahc_con,30,0.2,1,-673.0877738862588,69,5,9,679,63,0.35714285714285715,0.07352941176470588,0.12195121951219512,1,0,14,13,1.0,0.07142857142857142,0.13333333333333333
4,DIARRHOEA,SaiyanH_con,30,0.2,1,-inf,79,18,34,654,50,0.34615384615384615,0.2647058823529412,0.29999999999999993,13,11,3,1,0.5416666666666666,0.9285714285714286,0.6842105263157894
