,Network,Method,NumOfData,CorRate,WroRate,Repeat,SHD,Adj_Tp,Adj_Fp,Adj_Tn,Adj_Fn,Prec,Rec,F1,Con_Tp,Con_Fp,Con_Tn,Con_Fn,Con_Prec,Con_Rec,Con_F1
0,DIARRHOEA,pcMy,50,0.2,1,-1155.1330783691285,64,11,11,677,57,0.5,0.16176470588235295,0.24444444444444446,10,6,8,4,0.625,0.7142857142857143,0.6666666666666666
1,DIARRHOEA,pc_con,50,0.2,1,-1164.6117418934314,68,1,5,683,67,0.16666666666666666,0.014705882352941176,0.02702702702702703,0,0,14,14,0.0,0.0,0.0
2,DIARRHOEA,ges_con,50,0.2,1,-1183.7640176436794,67,1,1,687,67,0.5,0.014705882352941176,0.028571428571428574,1,0,14,13,1.0,0.07142857142857142,0.13333333333333333
3,DIARRHOEA,mahc_con,50,0.2,1,-1156.150328908398,67,6,9,679,62,0.4,0.08823529411764706,0.14457831325301207,1,0,14,13,1.0,0.07142857142857142,0.13333333333333333
4,DIARRHOEA,SaiyanH_con,50,0.2,1,-inf,81,17,35,653,51,0.3269230769230769,0.25,0.2833333333333334,12,14,0,2,0.46153846153846156,0.8571428571428571,0.6
