,Network,Method,NumOfData,CorRate,WroRate,Repeat,SHD,Adj_Tp,Adj_Fp,Adj_Tn,Adj_Fn,Prec,Rec,F1,Con_Tp,Con_Fp,Con_Tn,Con_Fn,Con_Prec,Con_Rec,Con_F1
0,DIARRHOEA,pcMy,100,0.2,2,-2293.2690411278054,66,12,17,671,56,0.41379310344827586,0.17647058823529413,0.24742268041237114,10,11,17,4,0.47619047619047616,0.7142857142857143,0.5714285714285714
1,DIARRHOEA,pc_con,100,0.2,2,-2302.84373518487,66,2,8,680,66,0.2,0.029411764705882353,0.05128205128205128,1,1,27,13,0.5,0.07142857142857142,0.125
2,DIARRHOEA,ges_con,100,0.2,2,-2359.502141678439,67,1,1,687,67,0.5,0.014705882352941176,0.028571428571428574,1,0,28,13,1.0,0.07142857142857142,0.13333333333333333
3,DIARRHOEA,mahc_con,100,0.2,2,-2291.370997864211,66,6,9,679,62,0.4,0.08823529411764706,0.14457831325301207,0,0,28,14,0.0,0.0,0.0
4,DIARRHOEA,SaiyanH_con,100,0.2,2,-inf,81,19,39,649,49,0.3275862068965517,0.27941176470588236,0.30158730158730157,13,24,4,1,0.35135135135135137,0.9285714285714286,0.5098039215686275
