,Network,Method,NumOfData,CorRate,WroRate,Repeat,SHD,Adj_Tp,Adj_Fp,Adj_Tn,Adj_Fn,Prec,Rec,F1,Con_Tp,Con_Fp,Con_Tn,Con_Fn,Con_Prec,Con_Rec,Con_F1
0,DIARRHOEA,pcMy,100,0.1,1,-2307.495842226245,61,10,8,680,58,0.5555555555555556,0.14705882352941177,0.23255813953488372,5,1,6,2,0.8333333333333334,0.7142857142857143,0.7692307692307692
1,DIARRHOEA,pc_con,100,0.1,1,-2310.16034154542,65,5,8,680,63,0.38461538461538464,0.07352941176470588,0.1234567901234568,1,0,7,6,1.0,0.14285714285714285,0.25
2,DIARRHOEA,ges_con,100,0.1,1,-2365.3289632501424,66,2,1,687,66,0.6666666666666666,0.029411764705882353,0.056338028169014086,2,0,7,5,1.0,0.2857142857142857,0.4444444444444445
3,DIARRHOEA,mahc_con,100,0.1,1,-2312.7765694474847,59,9,7,681,59,0.5625,0.1323529411764706,0.2142857142857143,1,0,7,6,1.0,0.14285714285714285,0.25
4,DIARRHOEA,SaiyanH_con,100,0.1,1,-2332.1908783792337,70,21,29,659,47,0.42,0.3088235294117647,0.3559322033898305,7,6,1,0,0.5384615384615384,1.0,0.7000000000000001
