,Network,Method,NumOfData,CorRate,WroRate,Repeat,SHD,Adj_Tp,Adj_Fp,Adj_Tn,Adj_Fn,Prec,Rec,F1,Con_Tp,Con_Fp,Con_Tn,Con_Fn,Con_Prec,Con_Rec,Con_F1
0,DIARRHOEA,pcMy,100,0.2,2,-2305.0634854165028,64,12,11,677,56,0.5217391304347826,0.17647058823529413,0.26373626373626374,6,7,21,8,0.46153846153846156,0.42857142857142855,0.4444444444444445
1,DIARRHOEA,pc_con,100,0.2,2,-2325.530584717289,62,8,4,684,60,0.6666666666666666,0.11764705882352941,0.2,2,0,28,12,1.0,0.14285714285714285,0.25
2,DIARRHOEA,ges_con,100,0.2,2,-2364.8871602323256,66,3,1,687,65,0.75,0.04411764705882353,0.08333333333333334,3,0,28,11,1.0,0.21428571428571427,0.35294117647058826
3,DIARRHOEA,mahc_con,100,0.2,2,-2314.1315869892783,69,6,12,676,62,0.3333333333333333,0.08823529411764706,0.13953488372093023,2,0,28,12,1.0,0.14285714285714285,0.25
4,DIARRHOEA,SaiyanH_con,100,0.2,2,-inf,85,16,38,650,52,0.2962962962962963,0.23529411764705882,0.2622950819672131,12,26,2,2,0.3157894736842105,0.8571428571428571,0.46153846153846156
