,Network,Method,NumOfData,CorRate,WroRate,Repeat,SHD,Adj_Tp,Adj_Fp,Adj_Tn,Adj_Fn,Prec,Rec,F1,Con_Tp,Con_Fp,Con_Tn,Con_Fn,Con_Prec,Con_Rec,Con_F1,type
0,DIARRHOEA,UpCM,100,0.2,1,-2300.891562473348,61,13,14,674,55,0.48148148148148145,0.19117647058823528,0.2736842105263158,11,6,8,3,0.6470588235294118,0.7857142857142857,0.7096774193548386,Addition
