,Network,Method,NumOfData,CorRate,WroRate,Repeat,SHD,Adj_Tp,Adj_Fp,Adj_Tn,Adj_Fn,Prec,Rec,F1,Con_Tp,Con_Fp,Con_Tn,Con_Fn,Con_Prec,Con_Rec,Con_F1,type
0,DIARRHOEA,UpCM,100,0.2,1,-2277.9895203948254,67,11,14,674,57,0.44,0.16176470588235295,0.23655913978494625,6,8,6,8,0.42857142857142855,0.42857142857142855,0.42857142857142855,Addition
