,Network,Method,NumOfData,CorRate,WroRate,Repeat,SHD,Adj_Tp,Adj_Fp,Adj_Tn,Adj_Fn,Prec,Rec,F1,Con_Tp,Con_Fp,Con_Tn,Con_Fn,Con_Prec,Con_Rec,Con_F1,type
0,DIARRHOEA,UpCM,100,0.2,1,-2275.905370740448,65,10,14,674,58,0.4166666666666667,0.14705882352941177,0.2173913043478261,8,7,7,6,0.5333333333333333,0.5714285714285714,0.5517241379310344,Addition
